HEAD 591e1a79eec806093a88572318c9eda9d28b48c5
[1/65] TCSlib/Complexity/TuringMachine/Configuration
TCSlib/Complexity/TuringMachine/Configuration.lean:137:17: warning: Used `tac1 <;> tac2` where `(tac1; tac2)` would suffice

Note: This linter can be disabled with `set_option linter.unnecessarySeqFocus false`
TCSlib/Complexity/TuringMachine/Configuration.lean:140:61: warning: unused variable `h`

Note: This linter can be disabled with `set_option linter.unusedVariables false`
TCSlib/Complexity/TuringMachine/Configuration.lean:155:17: warning: Used `tac1 <;> tac2` where `(tac1; tac2)` would suffice

Note: This linter can be disabled with `set_option linter.unnecessarySeqFocus false`
[2/65] TCSlib/Complexity/TuringMachine/Deterministic
[3/65] TCSlib/Complexity/TuringMachine/StateRenaming
[4/65] TCSlib/Complexity/TuringMachine/Finite
[5/65] TCSlib/Complexity/TuringMachine/Oracle
[6/65] TCSlib/Complexity/TuringMachine/Simulation
[7/65] TCSlib/Complexity/TuringMachine/Sweep
[8/65] TCSlib/Complexity/TuringMachine/Composition
[9/65] TCSlib/Complexity/TuringMachine/Build/Convention
[10/65] TCSlib/Complexity/TuringMachine/Build/Wrappers
[11/65] TCSlib/Complexity/TuringMachine/Build/Loop
TCSlib/Complexity/TuringMachine/Build/Loop.lean:2932:8: warning: This simp argument is unused:
  Fin.val_zero

Hint: Omit it from the simp argument list.
  simp only [emCallClearCfg, MultiTapeTM.step, emCallClearTM, Cfg.workTapeSymbols, F̵i̵n̵.̵v̵a̵l̵_̵z̵e̵r̵o̵,̵ ̵Fin.val_one,
  ̲  ̲ ̲ ̲ ̲ ̲ ̲ ̲Nat.one_ne_zero, ↓reduceIte, hmark, reduceCtorEq, ↓reduceIte]

Note: This linter can be disabled with `set_option linter.unusedSimpArgs false`
TCSlib/Complexity/TuringMachine/Build/Loop.lean:2932:22: warning: This simp argument is unused:
  Fin.val_one

Hint: Omit it from the simp argument list.
  simp only [emCallClearCfg, MultiTapeTM.step, emCallClearTM, Cfg.workTapeSymbols, Fin.val_zero,
  ̲  ̲ ̲ ̲ ̲ ̲ ̲ ̲F̵i̵n̵.̵v̵a̵l̵_̵o̵n̵e̵,̵ ̵Nat.one_ne_zero, ↓reduceIte, hmark, reduceCtorEq, ↓reduceIte]

Note: This linter can be disabled with `set_option linter.unusedSimpArgs false`
TCSlib/Complexity/TuringMachine/Build/Loop.lean:2932:35: warning: This simp argument is unused:
  Nat.one_ne_zero

Hint: Omit it from the simp argument list.
  simp only [emCallClearCfg, MultiTapeTM.step, emCallClearTM, Cfg.workTapeSymbols, Fin.val_zero,
  ̲  ̲ ̲ ̲ ̲ ̲ ̲ ̲Fin.val_one, N̵a̵t̵.̵o̵n̵e̵_̵n̵e̵_̵z̵e̵r̵o̵,̵ ̵↓reduceIte, hmark, reduceCtorEq, ↓reduceIte]

Note: This linter can be disabled with `set_option linter.unusedSimpArgs false`
TCSlib/Complexity/TuringMachine/Build/Loop.lean:2974:27: warning: This simp argument is unused:
  Fin.val_zero

Hint: Omit it from the simp argument list.
  simp only [MultiTapeTM.step, emCallClearCfg, emCallClearTM, Cfg.workTapeSymbols, F̵i̵n̵.̵v̵a̵l̵_̵z̵e̵r̵o̵,̵ ̵Fin.val_one,
  ̲  ̲ ̲ ̲ ̲ ̲Nat.one_ne_zero, ↓reduceIte, hmark, reduceCtorEq, ↓reduceIte]

Note: This linter can be disabled with `set_option linter.unusedSimpArgs false`
TCSlib/Complexity/TuringMachine/Build/Loop.lean:2974:41: warning: This simp argument is unused:
  Fin.val_one

Hint: Omit it from the simp argument list.
  simp only [MultiTapeTM.step, emCallClearCfg, emCallClearTM,
  ̵  ̵ ̵ ̵ ̵ ̵Cfg.workTapeSymbols, Fin.val_zero,
  ̲ F̵i̵n̵.̵v̵a̵l̵_̵o̵n̵e̵,̵  ̲ ̲ ̲ ̲Nat.one_ne_zero, ↓reduceIte, hmark,
  ̵  ̵ ̵ ̵ ̵ ̵reduceCtorEq, ↓reduceIte]

Note: This linter can be disabled with `set_option linter.unusedSimpArgs false`
TCSlib/Complexity/TuringMachine/Build/Loop.lean:2974:54: warning: This simp argument is unused:
  Nat.one_ne_zero

Hint: Omit it from the simp argument list.
  simp only [MultiTapeTM.step, emCallClearCfg, emCallClearTM, Cfg.workTapeSymbols, Fin.val_zero,
  ̲  ̲ ̲ ̲ ̲ ̲Fin.val_one, N̵a̵t̵.̵o̵n̵e̵_̵n̵e̵_̵z̵e̵r̵o̵,̵ ̵↓reduceIte, hmark, reduceCtorEq, ↓reduceIte]

Note: This linter can be disabled with `set_option linter.unusedSimpArgs false`
TCSlib/Complexity/TuringMachine/Build/Loop.lean:3021:8: warning: This simp argument is unused:
  Fin.val_zero

Hint: Omit it from the simp argument list.
  simp only [MultiTapeTM.step, emCallClearCfg, emCallClearTM, Cfg.workTapeSymbols, F̵i̵n̵.̵v̵a̵l̵_̵z̵e̵r̵o̵,̵ ̵Fin.val_one,
  ̲  ̲ ̲ ̲ ̲ ̲ ̲ ̲Nat.one_ne_zero, ↓reduceIte, hblank, ↓reduceIte]

Note: This linter can be disabled with `set_option linter.unusedSimpArgs false`
TCSlib/Complexity/TuringMachine/Build/Loop.lean:3021:22: warning: This simp argument is unused:
  Fin.val_one

Hint: Omit it from the simp argument list.
  simp only [MultiTapeTM.step, emCallClearCfg, emCallClearTM, Cfg.workTapeSymbols, Fin.val_zero,
  ̲  ̲ ̲ ̲ ̲ ̲ ̲ ̲F̵i̵n̵.̵v̵a̵l̵_̵o̵n̵e̵,̵ ̵Nat.one_ne_zero, ↓reduceIte, hblank, ↓reduceIte]

Note: This linter can be disabled with `set_option linter.unusedSimpArgs false`
TCSlib/Complexity/TuringMachine/Build/Loop.lean:3021:35: warning: This simp argument is unused:
  Nat.one_ne_zero

Hint: Omit it from the simp argument list.
  simp only [MultiTapeTM.step, emCallClearCfg, emCallClearTM, Cfg.workTapeSymbols, Fin.val_zero,
  ̲  ̲ ̲ ̲ ̲ ̲ ̲ ̲Fin.val_one, N̵a̵t̵.̵o̵n̵e̵_̵n̵e̵_̵z̵e̵r̵o̵,̵ ̵↓reduceIte, hblank, ↓reduceIte]

Note: This linter can be disabled with `set_option linter.unusedSimpArgs false`
TCSlib/Complexity/TuringMachine/Build/Loop.lean:3053:6: warning: This simp argument is unused:
  Fin.val_zero

Hint: Omit it from the simp argument list.
  simp only [MultiTapeTM.step, emCallClearCfg, emCallClearTM, Cfg.workTapeSymbols, F̵i̵n̵.̵v̵a̵l̵_̵z̵e̵r̵o̵,̵ ̵Fin.val_one,
  ̲  ̲ ̲ ̲ ̲ ̲Nat.one_ne_zero, ↓reduceIte, ↓reduceIte]

Note: This linter can be disabled with `set_option linter.unusedSimpArgs false`
TCSlib/Complexity/TuringMachine/Build/Loop.lean:3053:20: warning: This simp argument is unused:
  Fin.val_one

Hint: Omit it from the simp argument list.
  simp only [MultiTapeTM.step, emCallClearCfg, emCallClearTM, Cfg.workTapeSymbols, Fin.val_zero,
  ̲  ̲ ̲ ̲ ̲ ̲F̵i̵n̵.̵v̵a̵l̵_̵o̵n̵e̵,̵ ̵Nat.one_ne_zero, ↓reduceIte, ↓reduceIte]

Note: This linter can be disabled with `set_option linter.unusedSimpArgs false`
TCSlib/Complexity/TuringMachine/Build/Loop.lean:3053:33: warning: This simp argument is unused:
  Nat.one_ne_zero

Hint: Omit it from the simp argument list.
  simp only [MultiTapeTM.step, emCallClearCfg, emCallClearTM, Cfg.workTapeSymbols, Fin.val_zero,
  ̲  ̲ ̲ ̲ ̲ ̲Fin.val_one, N̵a̵t̵.̵o̵n̵e̵_̵n̵e̵_̵z̵e̵r̵o̵,̵ ̵↓reduceIte, ↓reduceIte]

Note: This linter can be disabled with `set_option linter.unusedSimpArgs false`
TCSlib/Complexity/TuringMachine/Build/Loop.lean:3082:22: warning: This simp argument is unused:
  min_le_right

Hint: Omit it from the simp argument list.
  simp [emCallSpan, m̵i̵n̵_̵l̵e̵_̵r̵i̵g̵h̵t̵,̵ ̵le_max_right]

Note: This linter can be disabled with `set_option linter.unusedSimpArgs false`
TCSlib/Complexity/TuringMachine/Build/Loop.lean:3082:36: warning: This simp argument is unused:
  le_max_right

Hint: Omit it from the simp argument list.
  simp [emCallSpan, min_le_right,̵ ̵l̵e̵_̵m̵a̵x̵_̵r̵i̵g̵h̵t̵]

Note: This linter can be disabled with `set_option linter.unusedSimpArgs false`
TCSlib/Complexity/TuringMachine/Build/Loop.lean:3270:24: warning: This simp argument is unused:
  hspan

Hint: Omit it from the simp argument list.
  simp [emCallSpan, h̵s̵p̵a̵n̵,̵ ̵bufferTape, hn, List.getElem?_eq_none hlen]

Note: This linter can be disabled with `set_option linter.unusedSimpArgs false`
TCSlib/Complexity/TuringMachine/Build/Loop.lean:3271:24: warning: This simp argument is unused:
  hspan

Hint: Omit it from the simp argument list.
  simp [emCallSpan, h̵s̵p̵a̵n̵,̵ ̵bufferTape, hn]

Note: This linter can be disabled with `set_option linter.unusedSimpArgs false`
TCSlib/Complexity/TuringMachine/Build/Loop.lean:3579:27: warning: 'omega' tactic does nothing

Note: This linter can be disabled with `set_option linter.unusedTactic false`
TCSlib/Complexity/TuringMachine/Build/Loop.lean:3579:27: warning: this tactic is never executed

Note: This linter can be disabled with `set_option linter.unreachableTactic false`
TCSlib/Complexity/TuringMachine/Build/Loop.lean:3832:19: warning: This simp argument is unused:
  show (1 : Fin 2) ≠ 0 by decide

Hint: Omit it from the simp argument list.
  simp only [MultiTapeTM.step, emCallFinishCfg, emCallFinishTM, Cfg.workTapeSymbols, Fin.isValue,
  ̲  ̲ ̲ ̲ ̲ ̲s̵h̵o̵w̵ ̵(̵1̵ ̵:̵ ̵F̵i̵n̵ ̵2̵)̵ ̵≠̵ ̵0̵ ̵b̵y̵ ̵d̵e̵c̵i̵d̵e̵,̵ ̵↓reduceIte, hblank]

Note: This linter can be disabled with `set_option linter.unusedSimpArgs false`
TCSlib/Complexity/TuringMachine/Build/Loop.lean:3834:50: warning: This simp argument is unused:
  emCallFinishCfg

Hint: Omit it from the simp argument list.
  simp [Action.apply, e̵m̵C̵a̵l̵l̵F̵i̵n̵i̵s̵h̵C̵f̵g̵,̵ ̵sub_eq_add_neg]

Note: This linter can be disabled with `set_option linter.unusedSimpArgs false`
TCSlib/Complexity/TuringMachine/Build/Loop.lean:3849:21: warning: This simp argument is unused:
  show (1 : Fin 2) ≠ 0 by decide

Hint: Omit it from the simp argument list.
  simp only [MultiTapeTM.step, emCallFinishCfg, emCallFinishTM, Cfg.workTapeSymbols,
          Fin.isValue, s̵h̵o̵w̵ ̵(̵1̵ ̵:̵ ̵F̵i̵n̵ ̵2̵)̵ ̵≠̵ ̵0̵ ̵b̵y̵ ̵d̵e̵c̵i̵d̵e̵,̵ ̵↓reduceIte, hread]

Note: This linter can be disabled with `set_option linter.unusedSimpArgs false`
TCSlib/Complexity/TuringMachine/Build/Loop.lean:3852:30: warning: This simp argument is unused:
  emCallFinishCfg

Hint: Omit it from the simp argument list.
  simp [Action.apply, emCallF̵i̵n̵i̵s̵h̵C̵f̵g̵,̵ ̵e̵m̵C̵a̵l̵l̵_erase_last]

Note: This linter can be disabled with `set_option linter.unusedSimpArgs false`
TCSlib/Complexity/TuringMachine/Build/Loop.lean:3853:54: warning: This simp argument is unused:
  emCallFinishCfg

Hint: Omit it from the simp argument list.
  simp [Action.apply, e̵m̵C̵a̵l̵l̵F̵i̵n̵i̵s̵h̵C̵f̵g̵,̵ ̵sub_eq_add_neg]

Note: This linter can be disabled with `set_option linter.unusedSimpArgs false`
TCSlib/Complexity/TuringMachine/Build/Loop.lean:3881:50: warning: This simp argument is unused:
  emCallFinishCfg

Hint: Omit it from the simp argument list.
  simp [Action.apply, e̵m̵C̵a̵l̵l̵F̵i̵n̵i̵s̵h̵C̵f̵g̵,̵ ̵sub_eq_add_neg]

Note: This linter can be disabled with `set_option linter.unusedSimpArgs false`
TCSlib/Complexity/TuringMachine/Build/Loop.lean:3881:67: warning: This simp argument is unused:
  sub_eq_add_neg

Hint: Omit it from the simp argument list.
  simp [Action.apply, emCallFinishCfg,̵ ̵s̵u̵b̵_̵e̵q̵_̵a̵d̵d̵_̵n̵e̵g̵]

Note: This linter can be disabled with `set_option linter.unusedSimpArgs false`
TCSlib/Complexity/TuringMachine/Build/Loop.lean:3892:52: warning: This simp argument is unused:
  emCallFinishCfg

Hint: Omit it from the simp argument list.
  simp [Action.apply, e̵m̵C̵a̵l̵l̵F̵i̵n̵i̵s̵h̵C̵f̵g̵,̵ ̵sub_eq_add_neg]

Note: This linter can be disabled with `set_option linter.unusedSimpArgs false`
TCSlib/Complexity/TuringMachine/Build/Loop.lean:3925:26: warning: This simp argument is unused:
  emCallFinishCfg

Hint: Omit it from the simp argument list.
  simp [Action.apply, e̵m̵C̵a̵l̵l̵F̵i̵n̵i̵s̵h̵C̵f̵g̵,̵ ̵sub_eq_add_neg]

Note: This linter can be disabled with `set_option linter.unusedSimpArgs false`
TCSlib/Complexity/TuringMachine/Build/Loop.lean:3941:30: warning: This simp argument is unused:
  emCallFinishCfg

Hint: Omit it from the simp argument list.
  simp [Action.apply, e̵m̵C̵a̵l̵l̵F̵i̵n̵i̵s̵h̵C̵f̵g̵,̵ ̵bufferTape_append]

Note: This linter can be disabled with `set_option linter.unusedSimpArgs false`
TCSlib/Complexity/TuringMachine/Build/Loop.lean:3943:30: warning: This simp argument is unused:
  emCallFinishCfg

Hint: Omit it from the simp argument list.
  simp [Action.apply, e̵m̵C̵a̵l̵l̵F̵i̵n̵i̵s̵h̵C̵f̵g̵,̵ ̵sub_eq_add_neg]

Note: This linter can be disabled with `set_option linter.unusedSimpArgs false`
TCSlib/Complexity/TuringMachine/Build/Loop.lean:3943:47: warning: This simp argument is unused:
  sub_eq_add_neg

Hint: Omit it from the simp argument list.
  simp [Action.apply, emCallFinishCfg,̵ ̵s̵u̵b̵_̵e̵q̵_̵a̵d̵d̵_̵n̵e̵g̵]

Note: This linter can be disabled with `set_option linter.unusedSimpArgs false`
TCSlib/Complexity/TuringMachine/Build/Loop.lean:3944:43: warning: This simp argument is unused:
  emCallFinishCfg

Hint: Omit it from the simp argument list.
  simp [Action.apply, e̵m̵C̵a̵l̵l̵F̵i̵n̵i̵s̵h̵C̵f̵g̵,̵ ̵sub_eq_add_neg]

Note: This linter can be disabled with `set_option linter.unusedSimpArgs false`
TCSlib/Complexity/TuringMachine/Build/Loop.lean:3944:60: warning: This simp argument is unused:
  sub_eq_add_neg

Hint: Omit it from the simp argument list.
  simp [Action.apply, emCallFinishCfg,̵ ̵s̵u̵b̵_̵e̵q̵_̵a̵d̵d̵_̵n̵e̵g̵]

Note: This linter can be disabled with `set_option linter.unusedSimpArgs false`
TCSlib/Complexity/TuringMachine/Build/Loop.lean:3968:65: warning: This simp argument is unused:
  emCallFinishCfg

Hint: Omit it from the simp argument list.
  simp [Action.apply, e̵m̵C̵a̵l̵l̵F̵i̵n̵i̵s̵h̵C̵f̵g̵,̵ ̵sub_eq_add_neg]

Note: This linter can be disabled with `set_option linter.unusedSimpArgs false`
TCSlib/Complexity/TuringMachine/Build/Loop.lean:3968:82: warning: This simp argument is unused:
  sub_eq_add_neg

Hint: Omit it from the simp argument list.
  simp [Action.apply, emCallFinishCfg,̵ ̵s̵u̵b̵_̵e̵q̵_̵a̵d̵d̵_̵n̵e̵g̵]

Note: This linter can be disabled with `set_option linter.unusedSimpArgs false`
TCSlib/Complexity/TuringMachine/Build/Loop.lean:3979:54: warning: This simp argument is unused:
  emCallFinishCfg

Hint: Omit it from the simp argument list.
  simp [Action.apply, emCallF̵i̵n̵i̵s̵h̵C̵f̵g̵,̵ ̵e̵m̵C̵a̵l̵l̵_erase_last]

Note: This linter can be disabled with `set_option linter.unusedSimpArgs false`
TCSlib/Complexity/TuringMachine/Build/Loop.lean:3981:30: warning: This simp argument is unused:
  emCallFinishCfg

Hint: Omit it from the simp argument list.
  simp [Action.apply, e̵m̵C̵a̵l̵l̵F̵i̵n̵i̵s̵h̵C̵f̵g̵,̵ ̵sub_eq_add_neg]

Note: This linter can be disabled with `set_option linter.unusedSimpArgs false`
TCSlib/Complexity/TuringMachine/Build/Loop.lean:4040:21: warning: Used `tac1 <;> tac2` where `(tac1; tac2)` would suffice

Note: This linter can be disabled with `set_option linter.unnecessarySeqFocus false`
TCSlib/Complexity/TuringMachine/Build/Loop.lean:4040:33: warning: Used `tac1 <;> tac2` where `(tac1; tac2)` would suffice

Note: This linter can be disabled with `set_option linter.unnecessarySeqFocus false`
TCSlib/Complexity/TuringMachine/Build/Loop.lean:4077:2: warning: 'all_goals
  repeat
    first
    | rfl
    | omega
    | split' tactic does nothing

Note: This linter can be disabled with `set_option linter.unusedTactic false`
TCSlib/Complexity/TuringMachine/Build/Loop.lean:4077:12: warning: this tactic is never executed

Note: This linter can be disabled with `set_option linter.unreachableTactic false`
TCSlib/Complexity/TuringMachine/Build/Loop.lean:4168:47: warning: This simp argument is unused:
  Fin.addCases_right

Hint: Omit it from the simp argument list.
  simp only [emCallSlots, Fin.addCases_left,̵ ̵F̵i̵n̵.̵a̵d̵d̵C̵a̵s̵e̵s̵_̵r̵i̵g̵h̵t̵]

Note: This linter can be disabled with `set_option linter.unusedSimpArgs false`
TCSlib/Complexity/TuringMachine/Build/Loop.lean:4182:28: warning: This simp argument is unused:
  Fin.addCases_left

Hint: Omit it from the simp argument list.
  simp only [emCallSlots, Fin.addCases_l̵e̵f̵t̵,̵ ̵F̵i̵n̵.̵a̵d̵d̵C̵a̵s̵e̵s̵_̵right]

Note: This linter can be disabled with `set_option linter.unusedSimpArgs false`
TCSlib/Complexity/TuringMachine/Build/Loop.lean:4189:67: warning: This simp argument is unused:
  emCallSlots

Hint: Omit it from the simp argument list.
  simp [emCallLayout, emCallPairIndex, tapeBlocks, e̵m̵C̵a̵l̵l̵S̵l̵o̵t̵s̵,̵
  ̵ ̵ ̵ ̵ ̵Fin.addCases, bufferedCompTM,
  ̲  ̲ ̲ ̲emCallIdleTM, emCallRightTM, emCallTrackTM]

Note: This linter can be disabled with `set_option linter.unusedSimpArgs false`
TCSlib/Complexity/TuringMachine/Build/Loop.lean:4199:2: warning: 'all_goals
  repeat
    first
    | rfl
    | omega
    | split' tactic does nothing

Note: This linter can be disabled with `set_option linter.unusedTactic false`
TCSlib/Complexity/TuringMachine/Build/Loop.lean:4200:2: warning: 'all_goals
  repeat
    first
    | rfl
    | omega
    | split' tactic does nothing

Note: This linter can be disabled with `set_option linter.unusedTactic false`
TCSlib/Complexity/TuringMachine/Build/Loop.lean:4199:12: warning: this tactic is never executed

Note: This linter can be disabled with `set_option linter.unreachableTactic false`
TCSlib/Complexity/TuringMachine/Build/Loop.lean:4200:12: warning: this tactic is never executed

Note: This linter can be disabled with `set_option linter.unreachableTactic false`
TCSlib/Complexity/TuringMachine/Build/Loop.lean:4213:4: warning: 'all_goals
  repeat
    first
    | rfl
    | omega
    | split' tactic does nothing

Note: This linter can be disabled with `set_option linter.unusedTactic false`
TCSlib/Complexity/TuringMachine/Build/Loop.lean:4214:4: warning: 'all_goals
  repeat
    first
    | rfl
    | omega
    | split' tactic does nothing

Note: This linter can be disabled with `set_option linter.unusedTactic false`
TCSlib/Complexity/TuringMachine/Build/Loop.lean:4213:14: warning: this tactic is never executed

Note: This linter can be disabled with `set_option linter.unreachableTactic false`
TCSlib/Complexity/TuringMachine/Build/Loop.lean:4214:14: warning: this tactic is never executed

Note: This linter can be disabled with `set_option linter.unreachableTactic false`
TCSlib/Complexity/TuringMachine/Build/Loop.lean:4489:32: warning: This simp argument is unused:
  emCall_pair_inverse

Hint: Omit it from the simp argument list.
  simp [emCallCfg, e̵m̵C̵a̵l̵l̵_̵p̵a̵i̵r̵_̵i̵n̵v̵e̵r̵s̵e̵,̵ ̵emCallFinishCfg, Cfg.ofWords, stateWord, emCallPairIndex,
  ̲  ̲ ̲ ̲ ̲ ̲emCallPairSelect]

Note: This linter can be disabled with `set_option linter.unusedSimpArgs false`
TCSlib/Complexity/TuringMachine/Build/Loop.lean:4491:32: warning: This simp argument is unused:
  emCall_pair_inverse

Hint: Omit it from the simp argument list.
  simp [emCallCfg, e̵m̵C̵a̵l̵l̵_̵p̵a̵i̵r̵_̵i̵n̵v̵e̵r̵s̵e̵,̵ ̵emCallFinishCfg, Cfg.ofWords, stateWord, emCallPairIndex,
  ̲  ̲ ̲ ̲ ̲ ̲emCallPairSelect, bufferedCompTM, emCallIdleTM, emCallRightTM, emCallTrackTM]

Note: This linter can be disabled with `set_option linter.unusedSimpArgs false`
TCSlib/Complexity/TuringMachine/Build/Loop.lean:4622:37: warning: This simp argument is unused:
  hi

Hint: Omit it from the simp argument list.
  simp only [MultiTapeTM.step, hs, hi̵,̵ ̵h̵w]

Note: This linter can be disabled with `set_option linter.unusedSimpArgs false`
TCSlib/Complexity/TuringMachine/Build/Loop.lean:4622:41: warning: This simp argument is unused:
  hw

Hint: Omit it from the simp argument list.
  simp only [MultiTapeTM.step, hs, hi,̵ ̵h̵w̵]

Note: This linter can be disabled with `set_option linter.unusedSimpArgs false`
TCSlib/Complexity/TuringMachine/Build/Loop.lean:5466:33: warning: This simp argument is unused:
  Function.comp_def

Hint: Omit it from the simp argument list.
  simp [List.append_assoc,̵ ̵F̵u̵n̵c̵t̵i̵o̵n̵.̵c̵o̵m̵p̵_̵d̵e̵f̵]

Note: This linter can be disabled with `set_option linter.unusedSimpArgs false`
[12/65] TCSlib/Complexity/TuringMachine/Robustness/AlphabetReduction
[13/65] TCSlib/Complexity/TuringMachine/Robustness/SingleTape
[14/65] TCSlib/Complexity/TuringMachine/Robustness/Bidirectional
[15/65] TCSlib/Complexity/ClassP/DTIME
[16/65] TCSlib/Complexity/TuringMachine/Encoding
[17/65] TCSlib/Complexity/ClassP/TimeConstructible
[18/65] TCSlib/Complexity/TuringMachine/Robustness/ObliviousSchedule
[19/65] TCSlib/Complexity/TuringMachine/Robustness/ObliviousCandidate
TCSlib/Complexity/TuringMachine/Robustness/ObliviousCandidate.lean:473:6: warning: try 'simp' instead of 'simpa'

Note: This linter can be disabled with `set_option linter.unnecessarySimpa false`
TCSlib/Complexity/TuringMachine/Robustness/ObliviousCandidate.lean:501:37: warning: This simp argument is unused:
  hl

Hint: Omit it from the simp argument list.
  simp [inputTag, clippedMove, hl̵,̵ ̵h̵r]

Note: This linter can be disabled with `set_option linter.unusedSimpArgs false`
TCSlib/Complexity/TuringMachine/Robustness/ObliviousCandidate.lean:533:45: warning: This simp argument is unused:
  hw

Hint: Omit it from the simp argument list.
  simp [h̵w̵,̵ ̵Cfg.workTapeSymbols]

Note: This linter can be disabled with `set_option linter.unusedSimpArgs false`
TCSlib/Complexity/TuringMachine/Robustness/ObliviousCandidate.lean:535:49: warning: This simp argument is unused:
  hw

Hint: Omit it from the simp argument list.
  simp [hz, h̵w̵,̵ ̵Function.update_of_ne hn]

Note: This linter can be disabled with `set_option linter.unusedSimpArgs false`
TCSlib/Complexity/TuringMachine/Robustness/ObliviousCandidate.lean:535:53: warning: This simp argument is unused:
  Function.update_of_ne hn

Hint: Omit it from the simp argument list.
  simp [hz, hw,̵ ̵F̵u̵n̵c̵t̵i̵o̵n̵.̵u̵p̵d̵a̵t̵e̵_̵o̵f̵_̵n̵e̵ ̵h̵n̵]

Note: This linter can be disabled with `set_option linter.unusedSimpArgs false`
TCSlib/Complexity/TuringMachine/Robustness/ObliviousCandidate.lean:614:44: warning: This simp argument is unused:
  List.append_nil

Hint: Omit it from the simp argument list.
  simp only [payloadZone, List.reverse_cons, FinTM.sweepFold_append, he, ih, FinTM.sweepFold,
  ̲  ̲ ̲ ̲ ̲ ̲p̵a̵y̵l̵o̵a̵d̵B̵a̵c̵k̵w̵a̵r̵d̵_̵r̵o̵w̵,̵ ̵L̵i̵s̵t̵.̵a̵p̵p̵e̵n̵d̵_̵n̵i̵l̵]̵p̲a̲y̲l̲o̲a̲d̲B̲a̲c̲k̲w̲a̲r̲d̲_̲r̲o̲w̲]̲

Note: This linter can be disabled with `set_option linter.unusedSimpArgs false`
TCSlib/Complexity/TuringMachine/Robustness/ObliviousCandidate.lean:764:27: warning: This simp argument is unused:
  act

Hint: Omit it from the simp argument list.
  simp only [a̵c̵t̵,̵ ̵Option.map_none]

Note: This linter can be disabled with `set_option linter.unusedSimpArgs false`
TCSlib/Complexity/TuringMachine/Robustness/ObliviousCandidate.lean:768:21: warning: This simp argument is unused:
  act

Hint: Omit it from the simp argument list.
  simp only [a̵c̵t̵,̵ ̵Option.map_some, Function.update_self]

Note: This linter can be disabled with `set_option linter.unusedSimpArgs false`
TCSlib/Complexity/TuringMachine/Robustness/ObliviousCandidate.lean:769:21: warning: This simp argument is unused:
  act

Hint: Omit it from the simp argument list.
  simp only [a̵c̵t̵,̵ ̵Option.map_some, Function.update_of_ne hz]

Note: This linter can be disabled with `set_option linter.unusedSimpArgs false`
TCSlib/Complexity/TuringMachine/Robustness/ObliviousCandidate.lean:774:29: warning: This simp argument is unused:
  act

Hint: Omit it from the simp argument list.
  simp only [a̵c̵t̵,̵ ̵Option.toList_none, List.append_nil]

Note: This linter can be disabled with `set_option linter.unusedSimpArgs false`
TCSlib/Complexity/TuringMachine/Robustness/ObliviousCandidate.lean:776:21: warning: This simp argument is unused:
  act

Hint: Omit it from the simp argument list.
  simp only [a̵c̵t̵,̵ ̵Option.toList_some, clockTape_append]

Note: This linter can be disabled with `set_option linter.unusedSimpArgs false`
TCSlib/Complexity/TuringMachine/Robustness/ObliviousCandidate.lean:784:65: warning: This simp argument is unused:
  ho

Hint: Omit it from the simp argument list.
  simp [act, List.length_append,̵ ̵h̵o̵]

Note: This linter can be disabled with `set_option linter.unusedSimpArgs false`
TCSlib/Complexity/TuringMachine/Robustness/ObliviousCandidate.lean:784:73: warning: this tactic is never executed

Note: This linter can be disabled with `set_option linter.unreachableTactic false`
TCSlib/Complexity/TuringMachine/Robustness/ObliviousCandidate.lean:784:73: warning: 'omega' tactic does nothing

Note: This linter can be disabled with `set_option linter.unusedTactic false`
TCSlib/Complexity/TuringMachine/Robustness/ObliviousCandidate.lean:881:25: warning: Used `tac1 <;> tac2` where `(tac1; tac2)` would suffice

Note: This linter can be disabled with `set_option linter.unnecessarySeqFocus false`
[20/65] TCSlib/Complexity/TuringMachine/Robustness/ObliviousSetup
TCSlib/Complexity/TuringMachine/Robustness/ObliviousSetup.lean:191:25: warning: Used `tac1 <;> tac2` where `(tac1; tac2)` would suffice

Note: This linter can be disabled with `set_option linter.unnecessarySeqFocus false`
TCSlib/Complexity/TuringMachine/Robustness/ObliviousSetup.lean:217:4: warning: This simp argument is unused:
  SignType.coe_neg_one

Hint: Omit it from the simp argument list.
  simp only [setupWrite, moveInputPos_zero, SignType.coe_zero, add_zero, S̵i̵g̵n̵T̵y̵p̵e̵.̵c̵o̵e̵_̵n̵e̵g̵_̵o̵n̵e̵,̵ ̵zero_add]

Note: This linter can be disabled with `set_option linter.unusedSimpArgs false`
TCSlib/Complexity/TuringMachine/Robustness/ObliviousSetup.lean:249:56: warning: This simp argument is unused:
  SignType.coe_one

Hint: Omit it from the simp argument list.
  simp only [setupWrite, SignType.coe_zero, add_zero, S̵i̵g̵n̵T̵y̵p̵e̵.̵c̵o̵e̵_̵o̵n̵e̵,̵ ̵copyGuide_next]

Note: This linter can be disabled with `set_option linter.unusedSimpArgs false`
TCSlib/Complexity/TuringMachine/Robustness/ObliviousSetup.lean:313:64: warning: this tactic is never executed

Note: This linter can be disabled with `set_option linter.unreachableTactic false`
TCSlib/Complexity/TuringMachine/Robustness/ObliviousSetup.lean:313:23: warning: Used `tac1 <;> tac2` where `(tac1; tac2)` would suffice

Note: This linter can be disabled with `set_option linter.unnecessarySeqFocus false`
TCSlib/Complexity/TuringMachine/Robustness/ObliviousSetup.lean:313:35: warning: Used `tac1 <;> tac2` where `(tac1; tac2)` would suffice

Note: This linter can be disabled with `set_option linter.unnecessarySeqFocus false`
TCSlib/Complexity/TuringMachine/Robustness/ObliviousSetup.lean:313:64: warning: 'omega' tactic does nothing

Note: This linter can be disabled with `set_option linter.unusedTactic false`
TCSlib/Complexity/TuringMachine/Robustness/ObliviousSetup.lean:405:16: warning: this tactic is never executed

Note: This linter can be disabled with `set_option linter.unreachableTactic false`
TCSlib/Complexity/TuringMachine/Robustness/ObliviousSetup.lean:405:41: warning: this tactic is never executed

Note: This linter can be disabled with `set_option linter.unreachableTactic false`
TCSlib/Complexity/TuringMachine/Robustness/ObliviousSetup.lean:405:16: warning: 'simp [SignType.cast]' tactic does nothing

Note: This linter can be disabled with `set_option linter.unusedTactic false`
TCSlib/Complexity/TuringMachine/Robustness/ObliviousSetup.lean:405:41: warning: 'omega' tactic does nothing

Note: This linter can be disabled with `set_option linter.unusedTactic false`
Try this:
  [apply] ring_nf
  
  The `ring` tactic failed to close the goal. Use `ring_nf` to obtain a normal form.
    
  Note that `ring` works primarily in *commutative* rings. If you have a noncommutative ring, abelian group or module, consider using `noncomm_ring`, `abel` or `module` instead.
TCSlib/Complexity/TuringMachine/Robustness/ObliviousSetup.lean:600:25: warning: Used `tac1 <;> tac2` where `(tac1; tac2)` would suffice

Note: This linter can be disabled with `set_option linter.unnecessarySeqFocus false`
TCSlib/Complexity/TuringMachine/Robustness/ObliviousSetup.lean:686:26: warning: This simp argument is unused:
  hg

Hint: Omit it from the simp argument list.
  simp_all ̵[̵h̵g̵]̵

Note: This linter can be disabled with `set_option linter.unusedSimpArgs false`
TCSlib/Complexity/TuringMachine/Robustness/ObliviousSetup.lean:731:38: warning: This simp argument is unused:
  layoutPhase

Hint: Omit it from the simp argument list.
  simp [layoutP̵h̵a̵s̵e̵,̵ ̵l̵a̵y̵o̵u̵t̵Move, hi]

Note: This linter can be disabled with `set_option linter.unusedSimpArgs false`
TCSlib/Complexity/TuringMachine/Robustness/ObliviousSetup.lean:747:36: warning: Used `tac1 <;> tac2` where `(tac1; tac2)` would suffice

Note: This linter can be disabled with `set_option linter.unnecessarySeqFocus false`
TCSlib/Complexity/TuringMachine/Robustness/ObliviousSetup.lean:747:48: warning: Used `tac1 <;> tac2` where `(tac1; tac2)` would suffice

Note: This linter can be disabled with `set_option linter.unnecessarySeqFocus false`
TCSlib/Complexity/TuringMachine/Robustness/ObliviousSetup.lean:756:32: warning: Used `tac1 <;> tac2` where `(tac1; tac2)` would suffice

Note: This linter can be disabled with `set_option linter.unnecessarySeqFocus false`
TCSlib/Complexity/TuringMachine/Robustness/ObliviousSetup.lean:778:15: warning: This simp argument is unused:
  Fin.val_mk

Hint: Omit it from the simp argument list.
  simp only [F̵i̵n̵.̵v̵a̵l̵_̵m̵k̵,̵ ̵Nat.cast_add, Nat.cast_one]

Note: This linter can be disabled with `set_option linter.unusedSimpArgs false`
TCSlib/Complexity/TuringMachine/Robustness/ObliviousSetup.lean:778:27: warning: This simp argument is unused:
  Nat.cast_add

Hint: Omit it from the simp argument list.
  simp only [Fin.val_mk, Nat.cast_a̵d̵d̵,̵ ̵N̵a̵t̵.̵c̵a̵s̵t̵_̵one]

Note: This linter can be disabled with `set_option linter.unusedSimpArgs false`
TCSlib/Complexity/TuringMachine/Robustness/ObliviousSetup.lean:778:41: warning: This simp argument is unused:
  Nat.cast_one

Hint: Omit it from the simp argument list.
  simp only [Fin.val_mk, Nat.cast_add,̵ ̵N̵a̵t̵.̵c̵a̵s̵t̵_̵o̵n̵e̵]

Note: This linter can be disabled with `set_option linter.unusedSimpArgs false`
TCSlib/Complexity/TuringMachine/Robustness/ObliviousSetup.lean:879:17: warning: This simp argument is unused:
  Fin.val_mk

Hint: Omit it from the simp argument list.
  simp only [F̵i̵n̵.̵v̵a̵l̵_̵m̵k̵,̵ ̵Nat.cast_add, Nat.cast_one]

Note: This linter can be disabled with `set_option linter.unusedSimpArgs false`
TCSlib/Complexity/TuringMachine/Robustness/ObliviousSetup.lean:879:29: warning: This simp argument is unused:
  Nat.cast_add

Hint: Omit it from the simp argument list.
  simp only [Fin.val_mk, Nat.cast_a̵d̵d̵,̵ ̵N̵a̵t̵.̵c̵a̵s̵t̵_̵one]

Note: This linter can be disabled with `set_option linter.unusedSimpArgs false`
TCSlib/Complexity/TuringMachine/Robustness/ObliviousSetup.lean:879:43: warning: This simp argument is unused:
  Nat.cast_one

Hint: Omit it from the simp argument list.
  simp only [Fin.val_mk, Nat.cast_add,̵ ̵N̵a̵t̵.̵c̵a̵s̵t̵_̵o̵n̵e̵]

Note: This linter can be disabled with `set_option linter.unusedSimpArgs false`
[21/65] TCSlib/Complexity/TuringMachine/Robustness/ObliviousLedger
[22/65] TCSlib/Complexity/TuringMachine/Robustness/Oblivious
TCSlib/Complexity/TuringMachine/Robustness/Oblivious.lean:182:25: warning: This simp argument is unused:
  hc

Hint: Omit it from the simp argument list.
  simp only [hfirst,̵ ̵h̵c̵]

Note: This linter can be disabled with `set_option linter.unusedSimpArgs false`
TCSlib/Complexity/TuringMachine/Robustness/Oblivious.lean:240:19: warning: This simp argument is unused:
  hd

Hint: Omit it from the simp argument list.
  simp only [h̵d̵,̵ ̵SignType.cast, add_zero, ← sub_eq_add_neg, hleft', hc]

Note: This linter can be disabled with `set_option linter.unusedSimpArgs false`
TCSlib/Complexity/TuringMachine/Robustness/Oblivious.lean:379:26: warning: This simp argument is unused:
  hw

Hint: Omit it from the simp argument list.
  simp [setupWrite, h̵w̵,̵ ̵Function.update_of_ne hz, h, hz]

Note: This linter can be disabled with `set_option linter.unusedSimpArgs false`
TCSlib/Complexity/TuringMachine/Robustness/Oblivious.lean:379:30: warning: This simp argument is unused:
  Function.update_of_ne hz

Hint: Omit it from the simp argument list.
  simp [setupWrite, hw, F̵u̵n̵c̵t̵i̵o̵n̵.̵u̵p̵d̵a̵t̵e̵_̵o̵f̵_̵n̵e̵ ̵h̵z̵,̵ ̵h, hz]

Note: This linter can be disabled with `set_option linter.unusedSimpArgs false`
TCSlib/Complexity/TuringMachine/Robustness/Oblivious.lean:737:38: warning: try 'simp' instead of 'simpa'

Note: This linter can be disabled with `set_option linter.unnecessarySimpa false`
TCSlib/Complexity/TuringMachine/Robustness/Oblivious.lean:743:6: warning: try 'simp' instead of 'simpa'

Note: This linter can be disabled with `set_option linter.unnecessarySimpa false`
TCSlib/Complexity/TuringMachine/Robustness/Oblivious.lean:756:24: warning: try 'simp' instead of 'simpa'

Note: This linter can be disabled with `set_option linter.unnecessarySimpa false`
TCSlib/Complexity/TuringMachine/Robustness/Oblivious.lean:756:24: warning: try 'simp' instead of 'simpa'

Note: This linter can be disabled with `set_option linter.unnecessarySimpa false`
TCSlib/Complexity/TuringMachine/Robustness/Oblivious.lean:695:64: warning: This simp argument is unused:
  Fin.reduceFinMk

Hint: Omit it from the simp argument list.
  simp only [prepInvariant, Action.apply, Fin.addCases_right, Fin.r̵e̵d̵u̵c̵e̵F̵i̵n̵M̵k̵,̵ ̵F̵i̵n̵.̵val_one, Nat.one_ne_zero,
  ̲  ̲ ̲ ̲ ̲ ̲show (2 : ℕ) ≠ 0 by decide, ↓reduceIte,
  ̵  ̵ ̵ ̵ ̵ ̵SignType.coe_zero, add_zero]

Note: This linter can be disabled with `set_option linter.unusedSimpArgs false`
TCSlib/Complexity/TuringMachine/Robustness/Oblivious.lean:695:111: warning: This simp argument is unused:
  show (2 : ℕ) ≠ 0 by decide

Hint: Omit it from the simp argument list.
  simp only [prepInvariant, Action.apply, Fin.addCases_right, Fin.reduceFinMk, Fin.val_one,
  ̲  ̲ ̲ ̲ ̲ ̲Nat.one_ne_zero, s̵h̵o̵w̵ ̵(̵2̵ ̵:̵ ̵ℕ̵)̵ ̵≠̵ ̵0̵ ̵b̵y̵ ̵d̵e̵c̵i̵d̵e̵,̵ ̵↓reduceIte, SignType.coe_zero, add_zero]

Note: This linter can be disabled with `set_option linter.unusedSimpArgs false`
TCSlib/Complexity/TuringMachine/Robustness/Oblivious.lean:725:52: warning: This simp argument is unused:
  hi

Hint: Omit it from the simp argument list.
  simp only [obliviousSchedule, obliviousVisit, h̵i̵,̵ ̵setupWrite, Option.toList_none, List.append_nil]

Note: This linter can be disabled with `set_option linter.unusedSimpArgs false`
TCSlib/Complexity/TuringMachine/Robustness/Oblivious.lean:729:52: warning: This simp argument is unused:
  hi

Hint: Omit it from the simp argument list.
  simp only [obliviousSchedule, obliviousVisit, h̵i̵,̵ ̵setupWrite, Option.toList_none, List.append_nil]

Note: This linter can be disabled with `set_option linter.unusedSimpArgs false`
[23/65] TCSlib/Complexity/ClassP/P
[24/65] TCSlib/Complexity/ClassP/ModelInvariance
[25/65] TCSlib/Complexity/ClassP/Examples
[26/65] TCSlib/Complexity/TuringMachine/Build/Primitives
TCSlib/Complexity/TuringMachine/Build/Primitives.lean:2492:42: warning: 'omega' tactic does nothing

Note: This linter can be disabled with `set_option linter.unusedTactic false`
TCSlib/Complexity/TuringMachine/Build/Primitives.lean:2498:72: warning: 'omega' tactic does nothing

Note: This linter can be disabled with `set_option linter.unusedTactic false`
TCSlib/Complexity/TuringMachine/Build/Primitives.lean:2492:42: warning: this tactic is never executed

Note: This linter can be disabled with `set_option linter.unreachableTactic false`
TCSlib/Complexity/TuringMachine/Build/Primitives.lean:2498:72: warning: this tactic is never executed

Note: This linter can be disabled with `set_option linter.unreachableTactic false`
TCSlib/Complexity/TuringMachine/Build/Primitives.lean:2490:82: warning: Used `tac1 <;> tac2` where `(tac1; tac2)` would suffice

Note: This linter can be disabled with `set_option linter.unnecessarySeqFocus false`
TCSlib/Complexity/TuringMachine/Build/Primitives.lean:2520:72: warning: 'omega' tactic does nothing

Note: This linter can be disabled with `set_option linter.unusedTactic false`
TCSlib/Complexity/TuringMachine/Build/Primitives.lean:2520:72: warning: this tactic is never executed

Note: This linter can be disabled with `set_option linter.unreachableTactic false`
TCSlib/Complexity/TuringMachine/Build/Primitives.lean:2508:38: warning: Used `tac1 <;> tac2` where `(tac1; tac2)` would suffice

Note: This linter can be disabled with `set_option linter.unnecessarySeqFocus false`
TCSlib/Complexity/TuringMachine/Build/Primitives.lean:2512:38: warning: Used `tac1 <;> tac2` where `(tac1; tac2)` would suffice

Note: This linter can be disabled with `set_option linter.unnecessarySeqFocus false`
TCSlib/Complexity/TuringMachine/Build/Primitives.lean:2570:29: warning: This simp argument is unused:
  List.append_nil

Hint: Omit it from the simp argument list.
  simp only [↓reduceIte,̵ ̵L̵i̵s̵t̵.̵a̵p̵p̵e̵n̵d̵_̵n̵i̵l̵]

Note: This linter can be disabled with `set_option linter.unusedSimpArgs false`
TCSlib/Complexity/TuringMachine/Build/Primitives.lean:2533:42: warning: Used `tac1 <;> tac2` where `(tac1; tac2)` would suffice

Note: This linter can be disabled with `set_option linter.unnecessarySeqFocus false`
TCSlib/Complexity/TuringMachine/Build/Primitives.lean:2538:42: warning: Used `tac1 <;> tac2` where `(tac1; tac2)` would suffice

Note: This linter can be disabled with `set_option linter.unnecessarySeqFocus false`
TCSlib/Complexity/TuringMachine/Build/Primitives.lean:2541:42: warning: Used `tac1 <;> tac2` where `(tac1; tac2)` would suffice

Note: This linter can be disabled with `set_option linter.unnecessarySeqFocus false`
TCSlib/Complexity/TuringMachine/Build/Primitives.lean:2580:46: warning: Used `tac1 <;> tac2` where `(tac1; tac2)` would suffice

Note: This linter can be disabled with `set_option linter.unnecessarySeqFocus false`
TCSlib/Complexity/TuringMachine/Build/Primitives.lean:2604:43: warning: Used `tac1 <;> tac2` where `(tac1; tac2)` would suffice

Note: This linter can be disabled with `set_option linter.unnecessarySeqFocus false`
TCSlib/Complexity/TuringMachine/Build/Primitives.lean:2927:25: warning: 'omega' tactic does nothing

Note: This linter can be disabled with `set_option linter.unusedTactic false`
TCSlib/Complexity/TuringMachine/Build/Primitives.lean:2927:25: warning: this tactic is never executed

Note: This linter can be disabled with `set_option linter.unreachableTactic false`
TCSlib/Complexity/TuringMachine/Build/Primitives.lean:3026:59: warning: Used `tac1 <;> tac2` where `(tac1; tac2)` would suffice

Note: This linter can be disabled with `set_option linter.unnecessarySeqFocus false`
TCSlib/Complexity/TuringMachine/Build/Primitives.lean:3174:34: warning: This simp argument is unused:
  splitRestoreScan

Hint: Omit it from the simp argument list.
  simp [Action.apply,̵ ̵s̵p̵l̵i̵t̵R̵e̵s̵t̵o̵r̵e̵S̵c̵a̵n̵]

Note: This linter can be disabled with `set_option linter.unusedSimpArgs false`
TCSlib/Complexity/TuringMachine/Build/Primitives.lean:3204:79: warning: 'omega' tactic does nothing

Note: This linter can be disabled with `set_option linter.unusedTactic false`
TCSlib/Complexity/TuringMachine/Build/Primitives.lean:3204:79: warning: this tactic is never executed

Note: This linter can be disabled with `set_option linter.unreachableTactic false`
TCSlib/Complexity/TuringMachine/Build/Primitives.lean:3267:6: warning: try 'simp' instead of 'simpa'

Note: This linter can be disabled with `set_option linter.unnecessarySimpa false`
TCSlib/Complexity/TuringMachine/Build/Primitives.lean:3312:52: warning: This simp argument is unused:
  Nat.cast_one

Hint: Omit it from the simp argument list.
  simp only [List.length_nil, Nat.zero_add, N̵a̵t̵.̵c̵a̵s̵t̵_̵o̵n̵e̵,̵ ̵Fin.ext_iff, Fin.val_one] at h₁

Note: This linter can be disabled with `set_option linter.unusedSimpArgs false`
TCSlib/Complexity/TuringMachine/Build/Primitives.lean:3312:66: warning: This simp argument is unused:
  Fin.ext_iff

Hint: Omit it from the simp argument list.
  simp only [List.length_nil, Nat.zero_add, Nat.cast_one, Fin.e̵x̵t̵_̵i̵f̵f̵,̵ ̵F̵i̵n̵.̵val_one] at h₁

Note: This linter can be disabled with `set_option linter.unusedSimpArgs false`
TCSlib/Complexity/TuringMachine/Build/Primitives.lean:3312:79: warning: This simp argument is unused:
  Fin.val_one

Hint: Omit it from the simp argument list.
  simp only [List.length_nil, Nat.zero_add, Nat.cast_one, Fin.ext_iff,̵ ̵F̵i̵n̵.̵v̵a̵l̵_̵o̵n̵e̵] at h₁

Note: This linter can be disabled with `set_option linter.unusedSimpArgs false`
TCSlib/Complexity/TuringMachine/Build/Primitives.lean:3352:20: warning: This simp argument is unused:
  MultiTapeTM.step

Hint: Omit it from the simp argument list.
  simp [M̵u̵l̵t̵i̵T̵a̵p̵e̵T̵M̵.̵s̵t̵e̵p̵,̵ ̵catalogPolyUnaryTM, Action.apply, catalogPolyCfg]

Note: This linter can be disabled with `set_option linter.unusedSimpArgs false`
TCSlib/Complexity/TuringMachine/Build/Primitives.lean:3352:38: warning: This simp argument is unused:
  catalogPolyUnaryTM

Hint: Omit it from the simp argument list.
  simp [MultiTapeTM.step, c̵a̵t̵a̵l̵o̵g̵P̵o̵l̵y̵U̵n̵a̵r̵y̵T̵M̵,̵ ̵Action.apply, catalogPolyCfg]

Note: This linter can be disabled with `set_option linter.unusedSimpArgs false`
TCSlib/Complexity/TuringMachine/Build/Primitives.lean:3352:72: warning: This simp argument is unused:
  catalogPolyCfg

Hint: Omit it from the simp argument list.
  simp [MultiTapeTM.step, catalogPolyUnaryTM, Action.apply,̵ ̵c̵a̵t̵a̵l̵o̵g̵P̵o̵l̵y̵C̵f̵g̵]

Note: This linter can be disabled with `set_option linter.unusedSimpArgs false`
TCSlib/Complexity/TuringMachine/Build/Primitives.lean:3353:10: warning: This simp argument is unused:
  MultiTapeTM.step

Hint: Omit it from the simp argument list.
  simp [M̵u̵l̵t̵i̵T̵a̵p̵e̵T̵M̵.̵s̵t̵e̵p̵,̵ ̵catalogPolyUnaryTM, Action.apply, catalogPolyCfg]

Note: This linter can be disabled with `set_option linter.unusedSimpArgs false`
TCSlib/Complexity/TuringMachine/Build/Primitives.lean:3353:28: warning: This simp argument is unused:
  catalogPolyUnaryTM

Hint: Omit it from the simp argument list.
  simp [MultiTapeTM.step, c̵a̵t̵a̵l̵o̵g̵P̵o̵l̵y̵U̵n̵a̵r̵y̵T̵M̵,̵ ̵Action.apply, catalogPolyCfg]

Note: This linter can be disabled with `set_option linter.unusedSimpArgs false`
TCSlib/Complexity/TuringMachine/Build/Primitives.lean:3353:62: warning: This simp argument is unused:
  catalogPolyCfg

Hint: Omit it from the simp argument list.
  simp [MultiTapeTM.step, catalogPolyUnaryTM, Action.apply,̵ ̵c̵a̵t̵a̵l̵o̵g̵P̵o̵l̵y̵C̵f̵g̵]

Note: This linter can be disabled with `set_option linter.unusedSimpArgs false`
TCSlib/Complexity/TuringMachine/Build/Primitives.lean:3400:23: warning: This simp argument is unused:
  Prod.mk.injEq

Hint: Omit it from the simp argument list.
  simp only [ht0, MultiTapeTM.runFrom_zero, splitRestoreScan, Cfg.ofWords,
      Option.some.injEq,̵ ̵P̵r̵o̵d̵.̵m̵k̵.̵i̵n̵j̵E̵q̵] at hstate

Note: This linter can be disabled with `set_option linter.unusedSimpArgs false`
TCSlib/Complexity/TuringMachine/Build/Primitives.lean:4917:8: warning: This simp argument is unused:
  Fin.val_zero

Hint: Omit it from the simp argument list.
  simp only [emitterClearCfg, MultiTapeTM.step, emitterClearTM, Cfg.workTapeSymbols,
          Fin.val_z̵e̵r̵o,̵ ̵F̵i̵n.̵v̵a̵l̵_̵o̵n̵e, Nat.one_ne_zero, ↓reduceIte, hmark, reduceCtorEq, ↓reduceIte]

Note: This linter can be disabled with `set_option linter.unusedSimpArgs false`
TCSlib/Complexity/TuringMachine/Build/Primitives.lean:4917:22: warning: This simp argument is unused:
  Fin.val_one

Hint: Omit it from the simp argument list.
  simp only [emitterClearCfg, MultiTapeTM.step, emitterClearTM, Cfg.workTapeSymbols,
          Fin.val_zero, F̵i̵n̵.̵v̵a̵l̵_̵o̵n̵e̵,̵ ̵Nat.one_ne_zero, ↓reduceIte, hmark, reduceCtorEq, ↓reduceIte]

Note: This linter can be disabled with `set_option linter.unusedSimpArgs false`
TCSlib/Complexity/TuringMachine/Build/Primitives.lean:4917:35: warning: This simp argument is unused:
  Nat.one_ne_zero

Hint: Omit it from the simp argument list.
  simp only [emitterClearCfg, MultiTapeTM.step, emitterClearTM, Cfg.workTapeSymbols,
          Fin.val_zero, Fin.val_one, N̵a̵t̵.̵o̵n̵e̵_̵n̵e̵_̵z̵e̵r̵o̵,̵ ̵↓reduceIte, hmark, reduceCtorEq, ↓reduceIte]

Note: This linter can be disabled with `set_option linter.unusedSimpArgs false`
TCSlib/Complexity/TuringMachine/Build/Primitives.lean:4959:27: warning: This simp argument is unused:
  Fin.val_zero

Hint: Omit it from the simp argument list.
  simp only [MultiTapeTM.step, emitterClearCfg, emitterClearTM, Cfg.workTapeSymbols, F̵i̵n̵.̵v̵a̵l̵_̵z̵e̵r̵o̵,̵ ̵Fin.val_one,
  ̲  ̲ ̲ ̲ ̲ ̲Nat.one_ne_zero, ↓reduceIte, hmark, reduceCtorEq, ↓reduceIte]

Note: This linter can be disabled with `set_option linter.unusedSimpArgs false`
TCSlib/Complexity/TuringMachine/Build/Primitives.lean:4959:41: warning: This simp argument is unused:
  Fin.val_one

Hint: Omit it from the simp argument list.
  simp only [MultiTapeTM.step, emitterClearCfg, emitterClearTM,
  ̵  ̵ ̵ ̵ ̵ ̵Cfg.workTapeSymbols, Fin.val_zero,
  ̲ F̵i̵n̵.̵v̵a̵l̵_̵o̵n̵e̵,̵  ̲ ̲ ̲ ̲Nat.one_ne_zero, ↓reduceIte, hmark,
  ̵  ̵ ̵ ̵ ̵ ̵reduceCtorEq, ↓reduceIte]

Note: This linter can be disabled with `set_option linter.unusedSimpArgs false`
TCSlib/Complexity/TuringMachine/Build/Primitives.lean:4959:54: warning: This simp argument is unused:
  Nat.one_ne_zero

Hint: Omit it from the simp argument list.
  simp only [MultiTapeTM.step, emitterClearCfg, emitterClearTM, Cfg.workTapeSymbols, Fin.val_zero,
  ̲  ̲ ̲ ̲ ̲ ̲Fin.val_one, N̵a̵t̵.̵o̵n̵e̵_̵n̵e̵_̵z̵e̵r̵o̵,̵ ̵↓reduceIte, hmark, reduceCtorEq, ↓reduceIte]

Note: This linter can be disabled with `set_option linter.unusedSimpArgs false`
TCSlib/Complexity/TuringMachine/Build/Primitives.lean:5006:8: warning: This simp argument is unused:
  Fin.val_zero

Hint: Omit it from the simp argument list.
  simp only [MultiTapeTM.step, emitterClearCfg, emitterClearTM, Cfg.workTapeSymbols,
          Fin.val_z̵e̵r̵o,̵ ̵F̵i̵n.̵v̵a̵l̵_̵o̵n̵e, Nat.one_ne_zero, ↓reduceIte, hblank, ↓reduceIte]

Note: This linter can be disabled with `set_option linter.unusedSimpArgs false`
TCSlib/Complexity/TuringMachine/Build/Primitives.lean:5006:22: warning: This simp argument is unused:
  Fin.val_one

Hint: Omit it from the simp argument list.
  simp only [MultiTapeTM.step, emitterClearCfg, emitterClearTM, Cfg.workTapeSymbols,
          Fin.val_zero, F̵i̵n̵.̵v̵a̵l̵_̵o̵n̵e̵,̵ ̵Nat.one_ne_zero, ↓reduceIte, hblank, ↓reduceIte]

Note: This linter can be disabled with `set_option linter.unusedSimpArgs false`
TCSlib/Complexity/TuringMachine/Build/Primitives.lean:5006:35: warning: This simp argument is unused:
  Nat.one_ne_zero

Hint: Omit it from the simp argument list.
  simp only [MultiTapeTM.step, emitterClearCfg, emitterClearTM, Cfg.workTapeSymbols,
          Fin.val_zero, Fin.val_one, N̵a̵t̵.̵o̵n̵e̵_̵n̵e̵_̵z̵e̵r̵o̵,̵ ̵↓reduceIte, hblank, ↓reduceIte]

Note: This linter can be disabled with `set_option linter.unusedSimpArgs false`
TCSlib/Complexity/TuringMachine/Build/Primitives.lean:5038:6: warning: This simp argument is unused:
  Fin.val_zero

Hint: Omit it from the simp argument list.
  simp only [MultiTapeTM.step, emitterClearCfg, emitterClearTM, Cfg.workTapeSymbols, F̵i̵n̵.̵v̵a̵l̵_̵z̵e̵r̵o̵,̵ ̵Fin.val_one,
  ̲  ̲ ̲ ̲ ̲ ̲Nat.one_ne_zero, ↓reduceIte, ↓reduceIte]

Note: This linter can be disabled with `set_option linter.unusedSimpArgs false`
TCSlib/Complexity/TuringMachine/Build/Primitives.lean:5038:20: warning: This simp argument is unused:
  Fin.val_one

Hint: Omit it from the simp argument list.
  simp only [MultiTapeTM.step, emitterClearCfg, emitterClearTM, Cfg.workTapeSymbols, Fin.val_zero,
  ̲  ̲ ̲ ̲ ̲ ̲F̵i̵n̵.̵v̵a̵l̵_̵o̵n̵e̵,̵ ̵Nat.one_ne_zero, ↓reduceIte, ↓reduceIte]

Note: This linter can be disabled with `set_option linter.unusedSimpArgs false`
TCSlib/Complexity/TuringMachine/Build/Primitives.lean:5038:33: warning: This simp argument is unused:
  Nat.one_ne_zero

Hint: Omit it from the simp argument list.
  simp only [MultiTapeTM.step, emitterClearCfg, emitterClearTM, Cfg.workTapeSymbols, Fin.val_zero,
  ̲  ̲ ̲ ̲ ̲ ̲Fin.val_one, N̵a̵t̵.̵o̵n̵e̵_̵n̵e̵_̵z̵e̵r̵o̵,̵ ̵↓reduceIte, ↓reduceIte]

Note: This linter can be disabled with `set_option linter.unusedSimpArgs false`
TCSlib/Complexity/TuringMachine/Build/Primitives.lean:5067:23: warning: This simp argument is unused:
  min_le_right

Hint: Omit it from the simp argument list.
  simp [emitterSpan, m̵i̵n̵_̵l̵e̵_̵r̵i̵g̵h̵t̵,̵ ̵le_max_right]

Note: This linter can be disabled with `set_option linter.unusedSimpArgs false`
TCSlib/Complexity/TuringMachine/Build/Primitives.lean:5067:37: warning: This simp argument is unused:
  le_max_right

Hint: Omit it from the simp argument list.
  simp [emitterSpan, min_le_right,̵ ̵l̵e̵_̵m̵a̵x̵_̵r̵i̵g̵h̵t̵]

Note: This linter can be disabled with `set_option linter.unusedSimpArgs false`
TCSlib/Complexity/TuringMachine/Build/Primitives.lean:5255:25: warning: This simp argument is unused:
  hspan

Hint: Omit it from the simp argument list.
  simp [emitterSpan, h̵s̵p̵a̵n̵,̵ ̵bufferTape, hn, List.getElem?_eq_none hlen]

Note: This linter can be disabled with `set_option linter.unusedSimpArgs false`
TCSlib/Complexity/TuringMachine/Build/Primitives.lean:5256:25: warning: This simp argument is unused:
  hspan

Hint: Omit it from the simp argument list.
  simp [emitterSpan, h̵s̵p̵a̵n̵,̵ ̵bufferTape, hn]

Note: This linter can be disabled with `set_option linter.unusedSimpArgs false`
TCSlib/Complexity/TuringMachine/Build/Primitives.lean:5573:37: warning: This simp argument is unused:
  emitterBankCfg

Hint: Omit it from the simp argument list.
  simp [e̵m̵i̵t̵t̵e̵r̵B̵a̵n̵k̵C̵f̵g̵,̵ ̵MultiTapeTM.step, hs, controlAction, Action.apply]

Note: This linter can be disabled with `set_option linter.unusedSimpArgs false`
TCSlib/Complexity/TuringMachine/Build/Primitives.lean:5573:53: warning: This simp argument is unused:
  MultiTapeTM.step

Hint: Omit it from the simp argument list.
  simp [emitterBankCfg, M̵u̵l̵t̵i̵T̵a̵p̵e̵T̵M̵.̵s̵t̵e̵p̵,̵ ̵hs, controlAction, Action.apply]

Note: This linter can be disabled with `set_option linter.unusedSimpArgs false`
TCSlib/Complexity/TuringMachine/Build/Primitives.lean:5573:90: warning: This simp argument is unused:
  Action.apply

Hint: Omit it from the simp argument list.
  simp [emitterBankCfg, MultiTapeTM.step, hs, controlAction,̵ ̵A̵c̵t̵i̵o̵n̵.̵a̵p̵p̵l̵y̵]

Note: This linter can be disabled with `set_option linter.unusedSimpArgs false`
TCSlib/Complexity/TuringMachine/Build/Primitives.lean:5578:44: warning: This simp argument is unused:
  MultiTapeTM.step

Hint: Omit it from the simp argument list.
  simp [emitterBankCfg, emitterSlots, M̵u̵l̵t̵i̵T̵a̵p̵e̵T̵M̵.̵s̵t̵e̵p̵,̵ ̵hs, controlAction, Action.apply, -Fin.natAdd_eq_addNat]

Note: This linter can be disabled with `set_option linter.unusedSimpArgs false`
TCSlib/Complexity/TuringMachine/Build/Primitives.lean:5583:44: warning: This simp argument is unused:
  MultiTapeTM.step

Hint: Omit it from the simp argument list.
  simp [emitterBankCfg, emitterSlots, M̵u̵l̵t̵i̵T̵a̵p̵e̵T̵M̵.̵s̵t̵e̵p̵,̵ ̵hs, controlAction, Action.apply, -Fin.natAdd_eq_addNat]

Note: This linter can be disabled with `set_option linter.unusedSimpArgs false`
TCSlib/Complexity/TuringMachine/Build/Primitives.lean:5589:44: warning: This simp argument is unused:
  MultiTapeTM.step

Hint: Omit it from the simp argument list.
  simp [emitterBankCfg, emitterSlots, M̵u̵l̵t̵i̵T̵a̵p̵e̵T̵M̵.̵s̵t̵e̵p̵,̵ ̵hs, controlAction, Action.apply, -Fin.natAdd_eq_addNat]

Note: This linter can be disabled with `set_option linter.unusedSimpArgs false`
TCSlib/Complexity/TuringMachine/Build/Primitives.lean:5594:44: warning: This simp argument is unused:
  MultiTapeTM.step

Hint: Omit it from the simp argument list.
  simp [emitterBankCfg, emitterSlots, M̵u̵l̵t̵i̵T̵a̵p̵e̵T̵M̵.̵s̵t̵e̵p̵,̵ ̵hs, controlAction, Action.apply, -Fin.natAdd_eq_addNat]

Note: This linter can be disabled with `set_option linter.unusedSimpArgs false`
TCSlib/Complexity/TuringMachine/Build/Primitives.lean:5802:27: warning: 'omega' tactic does nothing

Note: This linter can be disabled with `set_option linter.unusedTactic false`
TCSlib/Complexity/TuringMachine/Build/Primitives.lean:5802:27: warning: this tactic is never executed

Note: This linter can be disabled with `set_option linter.unreachableTactic false`
TCSlib/Complexity/TuringMachine/Build/Primitives.lean:6228:52: warning: This simp argument is unused:
  emitterP2PrepareCfg

Hint: Omit it from the simp argument list.
  simp [Action.apply, e̵m̵i̵t̵t̵e̵r̵P̵2̵P̵r̵e̵p̵a̵r̵e̵C̵f̵g̵,̵ ̵hwrite]

Note: This linter can be disabled with `set_option linter.unusedSimpArgs false`
TCSlib/Complexity/TuringMachine/Build/Primitives.lean:6229:52: warning: This simp argument is unused:
  emitterP2PrepareCfg

Hint: Omit it from the simp argument list.
  simp [Action.apply,̵ ̵e̵m̵i̵t̵t̵e̵r̵P̵2̵P̵r̵e̵p̵a̵r̵e̵C̵f̵g̵]

Note: This linter can be disabled with `set_option linter.unusedSimpArgs false`
TCSlib/Complexity/TuringMachine/Build/Primitives.lean:6264:37: warning: Used `tac1 <;> tac2` where `(tac1; tac2)` would suffice

Note: This linter can be disabled with `set_option linter.unnecessarySeqFocus false`
TCSlib/Complexity/TuringMachine/Build/Primitives.lean:6284:50: warning: This simp argument is unused:
  emitterP2PrepareCfg

Hint: Omit it from the simp argument list.
  simp [Action.apply,̵ ̵e̵m̵i̵t̵t̵e̵r̵P̵2̵P̵r̵e̵p̵a̵r̵e̵C̵f̵g̵]

Note: This linter can be disabled with `set_option linter.unusedSimpArgs false`
TCSlib/Complexity/TuringMachine/Build/Primitives.lean:6295:52: warning: This simp argument is unused:
  emitterP2PrepareCfg

Hint: Omit it from the simp argument list.
  simp [Action.apply, e̵m̵i̵t̵t̵e̵r̵P̵2̵P̵r̵e̵p̵a̵r̵e̵C̵f̵g̵,̵ ̵sub_eq_add_neg]

Note: This linter can be disabled with `set_option linter.unusedSimpArgs false`
TCSlib/Complexity/TuringMachine/Build/Primitives.lean:6314:50: warning: This simp argument is unused:
  emitterP2PrepareCfg

Hint: Omit it from the simp argument list.
  simp [Action.apply,̵ ̵e̵m̵i̵t̵t̵e̵r̵P̵2̵P̵r̵e̵p̵a̵r̵e̵C̵f̵g̵]

Note: This linter can be disabled with `set_option linter.unusedSimpArgs false`
TCSlib/Complexity/TuringMachine/Build/Primitives.lean:6325:52: warning: This simp argument is unused:
  emitterP2PrepareCfg

Hint: Omit it from the simp argument list.
  simp [Action.apply, e̵m̵i̵t̵t̵e̵r̵P̵2̵P̵r̵e̵p̵a̵r̵e̵C̵f̵g̵,̵ ̵sub_eq_add_neg]

Note: This linter can be disabled with `set_option linter.unusedSimpArgs false`
TCSlib/Complexity/TuringMachine/Build/Primitives.lean:6705:74: warning: This simp argument is unused:
  emitterP2RightIndex

Hint: Omit it from the simp argument list.
  simp [emitterP2LeftIndex,̵ ̵e̵m̵i̵t̵t̵e̵r̵P̵2̵R̵i̵g̵h̵t̵I̵n̵d̵e̵x̵] at hv

Note: This linter can be disabled with `set_option linter.unusedSimpArgs false`
TCSlib/Complexity/TuringMachine/Build/Primitives.lean:6719:54: warning: This simp argument is unused:
  emitterP2LeftIndex

Hint: Omit it from the simp argument list.
  simp [emitterP2L̵e̵f̵t̵I̵n̵d̵e̵x̵,̵ ̵e̵m̵i̵t̵t̵e̵r̵P̵2̵RightIndex] at hv

Note: This linter can be disabled with `set_option linter.unusedSimpArgs false`
TCSlib/Complexity/TuringMachine/Build/Primitives.lean:6726:56: warning: This simp argument is unused:
  emitterP2LeftIndex

Hint: Omit it from the simp argument list.
  simp [emitterP2L̵e̵f̵t̵I̵n̵d̵e̵x̵,̵ ̵e̵m̵i̵t̵t̵e̵r̵P̵2̵RightIndex] at hv

Note: This linter can be disabled with `set_option linter.unusedSimpArgs false`
TCSlib/Complexity/TuringMachine/Build/Primitives.lean:7455:6: warning: try 'simp' instead of 'simpa'

Note: This linter can be disabled with `set_option linter.unnecessarySimpa false`
TCSlib/Complexity/TuringMachine/Build/Primitives.lean:7455:6: warning: try 'simp' instead of 'simpa'

Note: This linter can be disabled with `set_option linter.unnecessarySimpa false`
TCSlib/Complexity/TuringMachine/Build/Primitives.lean:7458:6: warning: 'simp [MultiTapeTM.step, emitterTokenTM, Action.apply, scanCfg, List.append_assoc]' tactic does nothing

Note: This linter can be disabled with `set_option linter.unusedTactic false`
TCSlib/Complexity/TuringMachine/Build/Primitives.lean:7458:6: warning: this tactic is never executed

Note: This linter can be disabled with `set_option linter.unreachableTactic false`
TCSlib/Complexity/TuringMachine/Build/Primitives.lean:7509:63: warning: This simp argument is unused:
  List.append_assoc

Hint: Omit it from the simp argument list.
  simp [emitterTokenTM, Action.apply, scanCfg, pairEncode, L̵i̵s̵t̵.̵a̵p̵p̵e̵n̵d̵_̵a̵s̵s̵o̵c̵,̵ ̵hlen]

Note: This linter can be disabled with `set_option linter.unusedSimpArgs false`
[27/65] TCSlib/Complexity/TuringMachine/CodeParser
TCSlib/Complexity/TuringMachine/CodeParser.lean:339:13: warning: This simp argument is unused:
  codeBitsNat_bits

Hint: Omit it from the simp argument list.
  simp only [c̵o̵d̵e̵B̵i̵t̵s̵N̵a̵t̵_̵b̵i̵t̵s̵,̵ ̵List.append_assoc, codeReadFin_append, bind, Option.bind,
  ̵  ̵ ̵ ̵codeReadTable_append,
  ̲  ̲ ̲ ̲List.all_replicate, id_eq, Bool.true_eq, or_true,
  ̵  ̵ ̵ ̵ite_self, ↓reduceIte, pure]

Note: This linter can be disabled with `set_option linter.unusedSimpArgs false`
TCSlib/Complexity/TuringMachine/CodeParser.lean:339:70: warning: This simp argument is unused:
  bind

Hint: Omit it from the simp argument list.
  simp only [codeBitsNat_bits, List.append_assoc, codeReadFin_append, b̵i̵n̵d̵,̵ ̵Option.bind,
      codeReadTable_append, List.all_replicate, id_eq, Bool.true_eq, or_true,
  ̵  ̵ ̵ ̵ite_self, ↓reduceIte,
  ̲  ̲ ̲ ̲pure]

Note: This linter can be disabled with `set_option linter.unusedSimpArgs false`
TCSlib/Complexity/TuringMachine/CodeParser.lean:339:76: warning: This simp argument is unused:
  Option.bind

Hint: Omit it from the simp argument list.
  simp only [codeBitsNat_bits, List.append_assoc, codeReadFin_append, bind, O̵p̵t̵i̵o̵n̵.̵b̵i̵n̵d̵,̵
  ̵ ̵ ̵ ̵ ̵codeReadTable_append,
  ̲  ̲ ̲ ̲List.all_replicate, id_eq, Bool.true_eq, or_true,
  ̵  ̵ ̵ ̵ite_self, ↓reduceIte, pure]

Note: This linter can be disabled with `set_option linter.unusedSimpArgs false`
TCSlib/Complexity/TuringMachine/CodeParser.lean:340:53: warning: This simp argument is unused:
  Bool.true_eq

Hint: Omit it from the simp argument list.
  simp only [codeBitsNat_bits, List.append_assoc, codeReadFin_append, bind, Option.bind,
      codeReadTable_append, List.all_replicate, id_eq, B̵oo̵l̵.̵t̵ru̵e̵_e̵q̵,̵ ̵o̵r̵_̵true,
  ̵  ̵ ̵ ̵ite_self, ↓reduceIte, pure]

Note: This linter can be disabled with `set_option linter.unusedSimpArgs false`
TCSlib/Complexity/TuringMachine/CodeParser.lean:340:67: warning: This simp argument is unused:
  or_true

Hint: Omit it from the simp argument list.
  simp only [codeBitsNat_bits, List.append_assoc, codeReadFin_append, bind, Option.bind,
      codeReadTable_append, List.all_replicate, id_eq, Bool.true_eq, o̵r̵_̵t̵r̵u̵e̵,̵
  ̵ ̵ ̵ ̵ ̵ite_self, ↓reduceIte, pure]

Note: This linter can be disabled with `set_option linter.unusedSimpArgs false`
TCSlib/Complexity/TuringMachine/CodeParser.lean:420:43: warning: This simp argument is unused:
  h₁

Hint: Omit it from the simp argument list.
  simp [pairDecode, h₁̵,̵ ̵h̵₂, h₃] at h

Note: This linter can be disabled with `set_option linter.unusedSimpArgs false`
TCSlib/Complexity/TuringMachine/CodeParser.lean:420:47: warning: This simp argument is unused:
  h₂

Hint: Omit it from the simp argument list.
  simp [pairDecode, h₁, h₂̵,̵ ̵h̵₃] at h

Note: This linter can be disabled with `set_option linter.unusedSimpArgs false`
TCSlib/Complexity/TuringMachine/CodeParser.lean:420:51: warning: This simp argument is unused:
  h₃

Hint: Omit it from the simp argument list.
  simp [pairDecode, h₁, h₂,̵ ̵h̵₃̵] at h

Note: This linter can be disabled with `set_option linter.unusedSimpArgs false`
[28/65] TCSlib/Complexity/TuringMachine/MathlibBridge
TCSlib/Complexity/TuringMachine/MathlibBridge.lean:450:8: warning: This simp argument is unused:
  Function.update_self

Hint: Omit it from the simp argument list.
  simp only [Action.apply, bridgeOne, bridgeCfg, ↓reduceIte, bridgeKey_index, F̵u̵n̵c̵t̵i̵o̵n̵.̵u̵p̵d̵a̵t̵e̵_̵s̵e̵l̵f̵,̵ ̵hs]

Note: This linter can be disabled with `set_option linter.unusedSimpArgs false`
TCSlib/Complexity/TuringMachine/MathlibBridge.lean:456:12: warning: This simp argument is unused:
  Action.apply_workTapes

Hint: Omit it from the simp argument list.
  simp [A̵c̵t̵i̵o̵n̵.̵a̵p̵p̵l̵y̵_̵w̵o̵r̵k̵T̵a̵p̵e̵s̵,̵ ̵bridgeOne, bridgeCfg, hi, hk]

Note: This linter can be disabled with `set_option linter.unusedSimpArgs false`
TCSlib/Complexity/TuringMachine/MathlibBridge.lean:461:8: warning: This simp argument is unused:
  Function.update_self

Hint: Omit it from the simp argument list.
  simp only [Action.apply, bridgeOne, bridgeCfg, ↓reduceIte, bridgeKey_index, F̵u̵n̵c̵t̵i̵o̵n̵.̵u̵p̵d̵a̵t̵e̵_̵s̵e̵l̵f̵,̵ ̵hs,
  ̲  ̲ ̲ ̲ ̲ ̲ ̲ ̲SignType.pos_eq_one, SignType.coe_one, List.length_cons, Nat.cast_add, Nat.cast_one]

Note: This linter can be disabled with `set_option linter.unusedSimpArgs false`
TCSlib/Complexity/TuringMachine/MathlibBridge.lean:486:8: warning: This simp argument is unused:
  Function.update_self

Hint: Omit it from the simp argument list.
  simp only [Action.apply, bridgeOne, bridgeCfg, ↓reduceIte, bridgeKey_index,
          F̵u̵n̵c̵t̵i̵o̵n̵.̵u̵p̵d̵a̵t̵e̵_̵s̵e̵l̵f̵,̵ ̵SignType.neg_eq_neg_one, SignType.coe_neg_one]

Note: This linter can be disabled with `set_option linter.unusedSimpArgs false`
TCSlib/Complexity/TuringMachine/MathlibBridge.lean:492:12: warning: This simp argument is unused:
  Action.apply_workTapes

Hint: Omit it from the simp argument list.
  simp [A̵c̵t̵i̵o̵n̵.̵a̵p̵p̵l̵y̵_̵w̵o̵r̵k̵T̵a̵p̵e̵s̵,̵ ̵bridgeOne, bridgeCfg, hi, hk]

Note: This linter can be disabled with `set_option linter.unusedSimpArgs false`
TCSlib/Complexity/TuringMachine/MathlibBridge.lean:497:8: warning: This simp argument is unused:
  Function.update_self

Hint: Omit it from the simp argument list.
  simp only [Action.apply, bridgeOne, bridgeCfg, ↓reduceIte, bridgeKey_index,
          F̵u̵n̵c̵t̵i̵o̵n̵.̵u̵p̵d̵a̵t̵e̵_̵s̵e̵l̵f̵,̵ ̵SignType.neg_eq_neg_one, SignType.coe_neg_one, SignType.zero_eq_zero, SignType.coe_zero,
  ̲  ̲ ̲ ̲ ̲ ̲ ̲ ̲List.length_cons, Nat.cast_add, Nat.cast_one]

Note: This linter can be disabled with `set_option linter.unusedSimpArgs false`
TCSlib/Complexity/TuringMachine/MathlibBridge.lean:498:50: warning: This simp argument is unused:
  List.length_cons

Hint: Omit it from the simp argument list.
  simp only [Action.apply, bridgeOne, bridgeCfg, ↓reduceIte, bridgeKey_index,
          Function.update_self, SignType.neg_eq_neg_one, SignType.coe_neg_one, SignType.zero_eq_zero,
  ̲  ̲ ̲ ̲ ̲ ̲ ̲ ̲SignType.coe_zero, L̵i̵s̵t̵.̵l̵e̵n̵g̵t̵h̵_̵c̵o̵n̵s̵,̵ ̵Nat.cast_add, Nat.cast_one]

Note: This linter can be disabled with `set_option linter.unusedSimpArgs false`
TCSlib/Complexity/TuringMachine/MathlibBridge.lean:498:68: warning: This simp argument is unused:
  Nat.cast_add

Hint: Omit it from the simp argument list.
  simp only [Action.apply, bridgeOne, bridgeCfg, ↓reduceIte, bridgeKey_index,
          Function.update_self, SignType.neg_eq_neg_one, SignType.coe_neg_one, SignType.zero_eq_zero,
  ̲  ̲ ̲ ̲ ̲ ̲ ̲ ̲SignType.coe_zero, List.length_cons, N̵a̵t̵.̵c̵a̵s̵t̵_̵a̵d̵d̵,̵ ̵Nat.cast_one]

Note: This linter can be disabled with `set_option linter.unusedSimpArgs false`
TCSlib/Complexity/TuringMachine/MathlibBridge.lean:498:82: warning: This simp argument is unused:
  Nat.cast_one

Hint: Omit it from the simp argument list.
  simp only [Action.apply, bridgeOne, bridgeCfg, ↓reduceIte, bridgeKey_index,
          Function.update_self, SignType.neg_eq_neg_one, SignType.coe_neg_one, SignType.zero_eq_zero,
  ̲  ̲ ̲ ̲ ̲ ̲ ̲ ̲SignType.coe_zero, List.length_cons, N̵a̵t̵.̵c̵a̵s̵t̵_̵a̵d̵d̵,̵ ̵N̵a̵t̵.̵c̵a̵s̵t̵_̵o̵n̵e̵]̵N̲a̲t̲.̲c̲a̲s̲t̲_̲a̲d̲d̲]̲

Note: This linter can be disabled with `set_option linter.unusedSimpArgs false`
TCSlib/Complexity/TuringMachine/MathlibBridge.lean:721:32: warning: This simp argument is unused:
  Num.cast_zero

Hint: Omit it from the simp argument list.
  simp only [Num.to_of_nat,̵ ̵N̵u̵m̵.̵c̵a̵s̵t̵_̵z̵e̵r̵o̵] at hz

Note: This linter can be disabled with `set_option linter.unusedSimpArgs false`
TCSlib/Complexity/TuringMachine/MathlibBridge.lean:823:75: warning: This simp argument is unused:
  hk

Hint: Omit it from the simp argument list.
  simp [bridgeStore, PartrecToTM2.K'.elim, hi, hk̵,̵ ̵h̵] at *

Note: This linter can be disabled with `set_option linter.unusedSimpArgs false`
TCSlib/Complexity/TuringMachine/MathlibBridge.lean:871:15: warning: This simp argument is unused:
  Action.apply

Hint: Omit it from the simp argument list.
  simp only [̵A̵c̵t̵i̵o̵n̵.̵a̵p̵p̵l̵y̵,̵ ̵b̵r̵i̵d̵g̵e̵C̵f̵g̵,̵[̲b̲r̲i̲d̲g̲e̲C̲f̲g̲,̲ bridgeOne, SignType.zero_eq_zero, moveInputPos_zero]

Note: This linter can be disabled with `set_option linter.unusedSimpArgs false`
TCSlib/Complexity/TuringMachine/MathlibBridge.lean:871:40: warning: This simp argument is unused:
  bridgeOne

Hint: Omit it from the simp argument list.
  simp only [Action.apply, bridgeCfg, b̵r̵i̵d̵g̵e̵O̵n̵e̵,̵ ̵SignType.zero_eq_zero, moveInputPos_zero]

Note: This linter can be disabled with `set_option linter.unusedSimpArgs false`
TCSlib/Complexity/TuringMachine/MathlibBridge.lean:880:41: warning: This simp argument is unused:
  SignType.coe_zero

Hint: Omit it from the simp argument list.
  simp only [bridgeCfg, bridgeStore_at, ↓reduceIte, List.length_nil, Nat.cast_zero, neg_zero,
  ̲  ̲ ̲ ̲ ̲ ̲ ̲ ̲SignType.zero_eq_zero, S̵i̵g̵n̵T̵y̵p̵e̵.̵c̵o̵e̵_̵z̵e̵r̵o̵,̵ ̵SignType.neg_eq_neg_one, SignType.coe_neg_one, zero_add]

Note: This linter can be disabled with `set_option linter.unusedSimpArgs false`
[29/65] TCSlib/Complexity/TuringMachine/UniversalStartup
TCSlib/Complexity/TuringMachine/UniversalStartup.lean:160:54: warning: This simp argument is unused:
  Fin.val_mk

Hint: Omit it from the simp argument list.
  simp only ̵[̵F̵i̵n̵.̵v̵a̵l̵_̵m̵k̵]̵

Note: This linter can be disabled with `set_option linter.unusedSimpArgs false`
TCSlib/Complexity/TuringMachine/UniversalStartup.lean:164:54: warning: This simp argument is unused:
  Fin.val_mk

Hint: Omit it from the simp argument list.
  simp only ̵[̵F̵i̵n̵.̵v̵a̵l̵_̵m̵k̵]̵

Note: This linter can be disabled with `set_option linter.unusedSimpArgs false`
TCSlib/Complexity/TuringMachine/UniversalStartup.lean:190:52: warning: This simp argument is unused:
  Fin.val_mk

Hint: Omit it from the simp argument list.
  simp only ̵[̵F̵i̵n̵.̵v̵a̵l̵_̵m̵k̵]̵

Note: This linter can be disabled with `set_option linter.unusedSimpArgs false`
TCSlib/Complexity/TuringMachine/UniversalStartup.lean:197:54: warning: This simp argument is unused:
  Fin.val_mk

Hint: Omit it from the simp argument list.
  simp only ̵[̵F̵i̵n̵.̵v̵a̵l̵_̵m̵k̵]̵

Note: This linter can be disabled with `set_option linter.unusedSimpArgs false`
TCSlib/Complexity/TuringMachine/UniversalStartup.lean:215:52: warning: This simp argument is unused:
  Fin.val_mk

Hint: Omit it from the simp argument list.
  simp only ̵[̵F̵i̵n̵.̵v̵a̵l̵_̵m̵k̵]̵

Note: This linter can be disabled with `set_option linter.unusedSimpArgs false`
TCSlib/Complexity/TuringMachine/UniversalStartup.lean:274:46: warning: This simp argument is unused:
  VirtualTag

Hint: Omit it from the simp argument list.
  simp_all ̵[̵V̵i̵r̵t̵u̵a̵l̵T̵a̵g̵]̵

Note: This linter can be disabled with `set_option linter.unusedSimpArgs false`
[30/65] TCSlib/Complexity/TuringMachine/UniversalInterpreter
TCSlib/Complexity/TuringMachine/UniversalInterpreter.lean:330:15: warning: try 'simp' instead of 'simpa'

Note: This linter can be disabled with `set_option linter.unnecessarySimpa false`
TCSlib/Complexity/TuringMachine/UniversalInterpreter.lean:353:6: warning: try 'simp' instead of 'simpa'

Note: This linter can be disabled with `set_option linter.unnecessarySimpa false`
TCSlib/Complexity/TuringMachine/UniversalInterpreter.lean:378:83: warning: Used `tac1 <;> tac2` where `(tac1; tac2)` would suffice

Note: This linter can be disabled with `set_option linter.unnecessarySeqFocus false`
TCSlib/Complexity/TuringMachine/UniversalInterpreter.lean:439:60: warning: This simp argument is unused:
  zero_add

Hint: Omit it from the simp argument list.
  simp only [universalStateWindow, Nat.cast_zero, add_zero,̵ ̵z̵e̵r̵o̵_̵a̵d̵d̵]

Note: This linter can be disabled with `set_option linter.unusedSimpArgs false`
TCSlib/Complexity/TuringMachine/UniversalInterpreter.lean:503:15: warning: try 'simp' instead of 'simpa'

Note: This linter can be disabled with `set_option linter.unnecessarySimpa false`
TCSlib/Complexity/TuringMachine/UniversalInterpreter.lean:510:15: warning: try 'simp' instead of 'simpa'

Note: This linter can be disabled with `set_option linter.unnecessarySimpa false`
TCSlib/Complexity/TuringMachine/UniversalInterpreter.lean:519:71: warning: Used `tac1 <;> tac2` where `(tac1; tac2)` would suffice

Note: This linter can be disabled with `set_option linter.unnecessarySeqFocus false`
TCSlib/Complexity/TuringMachine/UniversalInterpreter.lean:519:83: warning: Used `tac1 <;> tac2` where `(tac1; tac2)` would suffice

Note: This linter can be disabled with `set_option linter.unnecessarySeqFocus false`
TCSlib/Complexity/TuringMachine/UniversalInterpreter.lean:546:15: warning: try 'simp' instead of 'simpa'

Note: This linter can be disabled with `set_option linter.unnecessarySimpa false`
TCSlib/Complexity/TuringMachine/UniversalInterpreter.lean:553:15: warning: try 'simp' instead of 'simpa'

Note: This linter can be disabled with `set_option linter.unnecessarySimpa false`
TCSlib/Complexity/TuringMachine/UniversalInterpreter.lean:563:39: warning: Used `tac1 <;> tac2` where `(tac1; tac2)` would suffice

Note: This linter can be disabled with `set_option linter.unnecessarySeqFocus false`
TCSlib/Complexity/TuringMachine/UniversalInterpreter.lean:1020:75: warning: Used `tac1 <;> tac2` where `(tac1; tac2)` would suffice

Note: This linter can be disabled with `set_option linter.unnecessarySeqFocus false`
TCSlib/Complexity/TuringMachine/UniversalInterpreter.lean:1021:16: warning: Used `tac1 <;> tac2` where `(tac1; tac2)` would suffice

Note: This linter can be disabled with `set_option linter.unnecessarySeqFocus false`
TCSlib/Complexity/TuringMachine/UniversalInterpreter.lean:1021:28: warning: Used `tac1 <;> tac2` where `(tac1; tac2)` would suffice

Note: This linter can be disabled with `set_option linter.unnecessarySeqFocus false`
[31/65] TCSlib/Complexity/TuringMachine/UniversalBlock
TCSlib/Complexity/TuringMachine/UniversalBlock.lean:68:15: warning: try 'simp' instead of 'simpa'

Note: This linter can be disabled with `set_option linter.unnecessarySimpa false`
TCSlib/Complexity/TuringMachine/UniversalBlock.lean:83:15: warning: try 'simp' instead of 'simpa'

Note: This linter can be disabled with `set_option linter.unnecessarySimpa false`
TCSlib/Complexity/TuringMachine/UniversalBlock.lean:62:10: warning: unused variable `h`

Note: This linter can be disabled with `set_option linter.unusedVariables false`
TCSlib/Complexity/TuringMachine/UniversalBlock.lean:79:64: warning: This simp argument is unused:
  universalSkipDone

Hint: Omit it from the simp argument list.
  simp [universalInterpreter, universalFour, hr, h, hz,̵ ̵u̵n̵i̵v̵e̵r̵s̵a̵l̵S̵k̵i̵p̵D̵o̵n̵e̵]

Note: This linter can be disabled with `set_option linter.unusedSimpArgs false`
TCSlib/Complexity/TuringMachine/UniversalBlock.lean:93:50: warning: Used `tac1 <;> tac2` where `(tac1; tac2)` would suffice

Note: This linter can be disabled with `set_option linter.unnecessarySeqFocus false`
TCSlib/Complexity/TuringMachine/UniversalBlock.lean:93:62: warning: Used `tac1 <;> tac2` where `(tac1; tac2)` would suffice

Note: This linter can be disabled with `set_option linter.unnecessarySeqFocus false`
TCSlib/Complexity/TuringMachine/UniversalBlock.lean:108:10: warning: unused variable `h`

Note: This linter can be disabled with `set_option linter.unusedVariables false`
TCSlib/Complexity/TuringMachine/UniversalBlock.lean:164:53: warning: Used `tac1 <;> tac2` where `(tac1; tac2)` would suffice

Note: This linter can be disabled with `set_option linter.unnecessarySeqFocus false`
TCSlib/Complexity/TuringMachine/UniversalBlock.lean:164:65: warning: Used `tac1 <;> tac2` where `(tac1; tac2)` would suffice

Note: This linter can be disabled with `set_option linter.unnecessarySeqFocus false`
TCSlib/Complexity/TuringMachine/UniversalBlock.lean:185:50: warning: This simp argument is unused:
  Nat.add_zero

Hint: Omit it from the simp argument list.
  simp only [List.length_nil, List.flatMap_nil, Nat.a̵d̵d̵_̵zero,̵ ̵N̵a̵t̵.̵z̵e̵r̵o̵_add,
  ̵  ̵ ̵ ̵ ̵ ̵Nat.cast_zero, add_zero,
  ̲  ̲ ̲ ̲ ̲ ̲MultiTapeTM.runFrom_succ_eq_step, MultiTapeTM.runFrom_zero]

Note: This linter can be disabled with `set_option linter.unusedSimpArgs false`
TCSlib/Complexity/TuringMachine/UniversalBlock.lean:244:40: warning: try 'simp' instead of 'simpa'

Note: This linter can be disabled with `set_option linter.unnecessarySimpa false`
TCSlib/Complexity/TuringMachine/UniversalBlock.lean:271:40: warning: try 'simp' instead of 'simpa'

Note: This linter can be disabled with `set_option linter.unnecessarySimpa false`
TCSlib/Complexity/TuringMachine/UniversalBlock.lean:289:6: warning: this tactic is never executed

Note: This linter can be disabled with `set_option linter.unreachableTactic false`
TCSlib/Complexity/TuringMachine/UniversalBlock.lean:289:61: warning: this tactic is never executed

Note: This linter can be disabled with `set_option linter.unreachableTactic false`
TCSlib/Complexity/TuringMachine/UniversalBlock.lean:289:73: warning: this tactic is never executed

Note: This linter can be disabled with `set_option linter.unreachableTactic false`
TCSlib/Complexity/TuringMachine/UniversalBlock.lean:289:6: warning: 'simp only [Fin.val_mk, Nat.cast_add, Nat.cast_one]' tactic does nothing

Note: This linter can be disabled with `set_option linter.unusedTactic false`
TCSlib/Complexity/TuringMachine/UniversalBlock.lean:289:61: warning: 'congr 1' tactic does nothing

Note: This linter can be disabled with `set_option linter.unusedTactic false`
TCSlib/Complexity/TuringMachine/UniversalBlock.lean:289:73: warning: 'omega' tactic does nothing

Note: This linter can be disabled with `set_option linter.unusedTactic false`
TCSlib/Complexity/TuringMachine/UniversalBlock.lean:313:15: warning: try 'simp' instead of 'simpa'

Note: This linter can be disabled with `set_option linter.unnecessarySimpa false`
TCSlib/Complexity/TuringMachine/UniversalBlock.lean:321:15: warning: try 'simp' instead of 'simpa'

Note: This linter can be disabled with `set_option linter.unnecessarySimpa false`
TCSlib/Complexity/TuringMachine/UniversalBlock.lean:426:40: warning: try 'simp' instead of 'simpa'

Note: This linter can be disabled with `set_option linter.unnecessarySimpa false`
TCSlib/Complexity/TuringMachine/UniversalBlock.lean:574:68: warning: This simp argument is unused:
  Fin.val_mk

Hint: Omit it from the simp argument list.
  simp only ̵[̵F̵i̵n̵.̵v̵a̵l̵_̵m̵k̵]̵

Note: This linter can be disabled with `set_option linter.unusedSimpArgs false`
[32/65] TCSlib/Complexity/TuringMachine/Universal
TCSlib/Complexity/TuringMachine/Universal.lean:310:15: warning: try 'simp' instead of 'simpa'

Note: This linter can be disabled with `set_option linter.unnecessarySimpa false`
TCSlib/Complexity/TuringMachine/Universal.lean:333:6: warning: try 'simp' instead of 'simpa'

Note: This linter can be disabled with `set_option linter.unnecessarySimpa false`
TCSlib/Complexity/TuringMachine/Universal.lean:358:83: warning: Used `tac1 <;> tac2` where `(tac1; tac2)` would suffice

Note: This linter can be disabled with `set_option linter.unnecessarySeqFocus false`
TCSlib/Complexity/TuringMachine/Universal.lean:423:15: warning: try 'simp' instead of 'simpa'

Note: This linter can be disabled with `set_option linter.unnecessarySimpa false`
TCSlib/Complexity/TuringMachine/Universal.lean:430:15: warning: try 'simp' instead of 'simpa'

Note: This linter can be disabled with `set_option linter.unnecessarySimpa false`
TCSlib/Complexity/TuringMachine/Universal.lean:439:71: warning: Used `tac1 <;> tac2` where `(tac1; tac2)` would suffice

Note: This linter can be disabled with `set_option linter.unnecessarySeqFocus false`
TCSlib/Complexity/TuringMachine/Universal.lean:439:83: warning: Used `tac1 <;> tac2` where `(tac1; tac2)` would suffice

Note: This linter can be disabled with `set_option linter.unnecessarySeqFocus false`
TCSlib/Complexity/TuringMachine/Universal.lean:466:15: warning: try 'simp' instead of 'simpa'

Note: This linter can be disabled with `set_option linter.unnecessarySimpa false`
TCSlib/Complexity/TuringMachine/Universal.lean:473:15: warning: try 'simp' instead of 'simpa'

Note: This linter can be disabled with `set_option linter.unnecessarySimpa false`
TCSlib/Complexity/TuringMachine/Universal.lean:483:39: warning: Used `tac1 <;> tac2` where `(tac1; tac2)` would suffice

Note: This linter can be disabled with `set_option linter.unnecessarySeqFocus false`
TCSlib/Complexity/TuringMachine/Universal.lean:617:75: warning: Used `tac1 <;> tac2` where `(tac1; tac2)` would suffice

Note: This linter can be disabled with `set_option linter.unnecessarySeqFocus false`
TCSlib/Complexity/TuringMachine/Universal.lean:618:16: warning: Used `tac1 <;> tac2` where `(tac1; tac2)` would suffice

Note: This linter can be disabled with `set_option linter.unnecessarySeqFocus false`
TCSlib/Complexity/TuringMachine/Universal.lean:618:28: warning: Used `tac1 <;> tac2` where `(tac1; tac2)` would suffice

Note: This linter can be disabled with `set_option linter.unnecessarySeqFocus false`
TCSlib/Complexity/TuringMachine/Universal.lean:640:15: warning: try 'simp' instead of 'simpa'

Note: This linter can be disabled with `set_option linter.unnecessarySimpa false`
TCSlib/Complexity/TuringMachine/Universal.lean:655:15: warning: try 'simp' instead of 'simpa'

Note: This linter can be disabled with `set_option linter.unnecessarySimpa false`
TCSlib/Complexity/TuringMachine/Universal.lean:634:10: warning: unused variable `h`

Note: This linter can be disabled with `set_option linter.unusedVariables false`
TCSlib/Complexity/TuringMachine/Universal.lean:651:85: warning: This simp argument is unused:
  universalSkipDone

Hint: Omit it from the simp argument list.
  simp [timedCutInterpreter, universalInterpreter, universalFour, hr, h, hz,̵ ̵u̵n̵i̵v̵e̵r̵s̵a̵l̵S̵k̵i̵p̵D̵o̵n̵e̵]

Note: This linter can be disabled with `set_option linter.unusedSimpArgs false`
TCSlib/Complexity/TuringMachine/Universal.lean:665:50: warning: Used `tac1 <;> tac2` where `(tac1; tac2)` would suffice

Note: This linter can be disabled with `set_option linter.unnecessarySeqFocus false`
TCSlib/Complexity/TuringMachine/Universal.lean:665:62: warning: Used `tac1 <;> tac2` where `(tac1; tac2)` would suffice

Note: This linter can be disabled with `set_option linter.unnecessarySeqFocus false`
TCSlib/Complexity/TuringMachine/Universal.lean:680:10: warning: unused variable `h`

Note: This linter can be disabled with `set_option linter.unusedVariables false`
TCSlib/Complexity/TuringMachine/Universal.lean:736:53: warning: Used `tac1 <;> tac2` where `(tac1; tac2)` would suffice

Note: This linter can be disabled with `set_option linter.unnecessarySeqFocus false`
TCSlib/Complexity/TuringMachine/Universal.lean:736:65: warning: Used `tac1 <;> tac2` where `(tac1; tac2)` would suffice

Note: This linter can be disabled with `set_option linter.unnecessarySeqFocus false`
TCSlib/Complexity/TuringMachine/Universal.lean:757:50: warning: This simp argument is unused:
  Nat.add_zero

Hint: Omit it from the simp argument list.
  simp only [List.length_nil, List.flatMap_nil, Nat.a̵d̵d̵_̵zero,̵ ̵N̵a̵t̵.̵z̵e̵r̵o̵_add,
  ̵  ̵ ̵ ̵ ̵ ̵Nat.cast_zero, add_zero,
  ̲  ̲ ̲ ̲ ̲ ̲MultiTapeTM.runFrom_succ_eq_step, MultiTapeTM.runFrom_zero]

Note: This linter can be disabled with `set_option linter.unusedSimpArgs false`
TCSlib/Complexity/TuringMachine/Universal.lean:816:40: warning: try 'simp' instead of 'simpa'

Note: This linter can be disabled with `set_option linter.unnecessarySimpa false`
TCSlib/Complexity/TuringMachine/Universal.lean:843:40: warning: try 'simp' instead of 'simpa'

Note: This linter can be disabled with `set_option linter.unnecessarySimpa false`
TCSlib/Complexity/TuringMachine/Universal.lean:861:6: warning: this tactic is never executed

Note: This linter can be disabled with `set_option linter.unreachableTactic false`
TCSlib/Complexity/TuringMachine/Universal.lean:861:61: warning: this tactic is never executed

Note: This linter can be disabled with `set_option linter.unreachableTactic false`
TCSlib/Complexity/TuringMachine/Universal.lean:861:73: warning: this tactic is never executed

Note: This linter can be disabled with `set_option linter.unreachableTactic false`
TCSlib/Complexity/TuringMachine/Universal.lean:861:6: warning: 'simp only [Fin.val_mk, Nat.cast_add, Nat.cast_one]' tactic does nothing

Note: This linter can be disabled with `set_option linter.unusedTactic false`
TCSlib/Complexity/TuringMachine/Universal.lean:861:61: warning: 'congr 1' tactic does nothing

Note: This linter can be disabled with `set_option linter.unusedTactic false`
TCSlib/Complexity/TuringMachine/Universal.lean:861:73: warning: 'omega' tactic does nothing

Note: This linter can be disabled with `set_option linter.unusedTactic false`
TCSlib/Complexity/TuringMachine/Universal.lean:885:15: warning: try 'simp' instead of 'simpa'

Note: This linter can be disabled with `set_option linter.unnecessarySimpa false`
TCSlib/Complexity/TuringMachine/Universal.lean:893:15: warning: try 'simp' instead of 'simpa'

Note: This linter can be disabled with `set_option linter.unnecessarySimpa false`
TCSlib/Complexity/TuringMachine/Universal.lean:1002:40: warning: try 'simp' instead of 'simpa'

Note: This linter can be disabled with `set_option linter.unnecessarySimpa false`
TCSlib/Complexity/TuringMachine/Universal.lean:1102:68: warning: This simp argument is unused:
  Fin.val_mk

Hint: Omit it from the simp argument list.
  simp only ̵[̵F̵i̵n̵.̵v̵a̵l̵_̵m̵k̵]̵

Note: This linter can be disabled with `set_option linter.unusedSimpArgs false`
TCSlib/Complexity/TuringMachine/Universal.lean:1480:16: warning: this tactic is never executed

Note: This linter can be disabled with `set_option linter.unreachableTactic false`
TCSlib/Complexity/TuringMachine/Universal.lean:1480:34: warning: this tactic is never executed

Note: This linter can be disabled with `set_option linter.unreachableTactic false`
TCSlib/Complexity/TuringMachine/Universal.lean:1480:61: warning: this tactic is never executed

Note: This linter can be disabled with `set_option linter.unreachableTactic false`
TCSlib/Complexity/TuringMachine/Universal.lean:1480:16: warning: 'apply Fin.ext' tactic does nothing

Note: This linter can be disabled with `set_option linter.unusedTactic false`
TCSlib/Complexity/TuringMachine/Universal.lean:1480:34: warning: 'simp only [Fin.val_mk]' tactic does nothing

Note: This linter can be disabled with `set_option linter.unusedTactic false`
TCSlib/Complexity/TuringMachine/Universal.lean:1480:61: warning: 'omega' tactic does nothing

Note: This linter can be disabled with `set_option linter.unusedTactic false`
TCSlib/Complexity/TuringMachine/Universal.lean:1574:30: warning: This simp argument is unused:
  Nat.reduceAdd

Hint: Omit it from the simp argument list.
  simp only [Nat.add_assoc,̵ ̵N̵a̵t̵.̵r̵e̵d̵u̵c̵e̵A̵d̵d̵]

Note: This linter can be disabled with `set_option linter.unusedSimpArgs false`
TCSlib/Complexity/TuringMachine/Universal.lean:1579:16: warning: this tactic is never executed

Note: This linter can be disabled with `set_option linter.unreachableTactic false`
TCSlib/Complexity/TuringMachine/Universal.lean:1579:34: warning: this tactic is never executed

Note: This linter can be disabled with `set_option linter.unreachableTactic false`
TCSlib/Complexity/TuringMachine/Universal.lean:1579:61: warning: this tactic is never executed

Note: This linter can be disabled with `set_option linter.unreachableTactic false`
TCSlib/Complexity/TuringMachine/Universal.lean:1579:16: warning: 'apply Fin.ext' tactic does nothing

Note: This linter can be disabled with `set_option linter.unusedTactic false`
TCSlib/Complexity/TuringMachine/Universal.lean:1579:34: warning: 'simp only [Fin.val_mk]' tactic does nothing

Note: This linter can be disabled with `set_option linter.unusedTactic false`
TCSlib/Complexity/TuringMachine/Universal.lean:1579:61: warning: 'omega' tactic does nothing

Note: This linter can be disabled with `set_option linter.unusedTactic false`
TCSlib/Complexity/TuringMachine/Universal.lean:1602:28: warning: This simp argument is unused:
  Nat.reduceAdd

Hint: Omit it from the simp argument list.
  simp only [Nat.add_assoc,̵ ̵N̵a̵t̵.̵r̵e̵d̵u̵c̵e̵A̵d̵d̵]

Note: This linter can be disabled with `set_option linter.unusedSimpArgs false`
TCSlib/Complexity/TuringMachine/Universal.lean:1604:43: warning: This simp argument is unused:
  Fin.val_mk

Hint: Omit it from the simp argument list.
  simp only ̵[̵F̵i̵n̵.̵v̵a̵l̵_̵m̵k̵]̵

Note: This linter can be disabled with `set_option linter.unusedSimpArgs false`
TCSlib/Complexity/TuringMachine/Universal.lean:1604:10: warning: Used `tac1 <;> tac2` where `(tac1; tac2)` would suffice

Note: This linter can be disabled with `set_option linter.unnecessarySeqFocus false`
TCSlib/Complexity/TuringMachine/Universal.lean:1604:28: warning: Used `tac1 <;> tac2` where `(tac1; tac2)` would suffice

Note: This linter can be disabled with `set_option linter.unnecessarySeqFocus false`
TCSlib/Complexity/TuringMachine/Universal.lean:1604:55: warning: Used `tac1 <;> tac2` where `(tac1; tac2)` would suffice

Note: This linter can be disabled with `set_option linter.unnecessarySeqFocus false`
TCSlib/Complexity/TuringMachine/Universal.lean:2274:46: warning: This simp argument is unused:
  VirtualTag

Hint: Omit it from the simp argument list.
  simp_all ̵[̵V̵i̵r̵t̵u̵a̵l̵T̵a̵g̵]̵

Note: This linter can be disabled with `set_option linter.unusedSimpArgs false`
[33/65] TCSlib/Complexity/Uncomputability/Computable
[34/65] TCSlib/Complexity/Uncomputability/Diagonalization
[35/65] TCSlib/Complexity/Uncomputability/Halting
[36/65] TCSlib/Complexity/TuringMachine/Nondeterministic
[37/65] TCSlib/Complexity/Formulas/CNF
[38/65] TCSlib/Complexity/Formulas/CNFEncoding
[39/65] TCSlib/Complexity/Formulas/DNF
[40/65] TCSlib/Complexity/ClassNP/PolyTime
[41/65] TCSlib/Complexity/ClassNP/PolyTimePairing
[42/65] TCSlib/Complexity/ClassNP/NP
[43/65] TCSlib/Complexity/ClassNP/CoNP
[44/65] TCSlib/Complexity/ClassNP/EXP
TCSlib/Complexity/ClassNP/EXP.lean:2734:66: warning: This simp argument is unused:
  bufferTape

Hint: Omit it from the simp argument list.
  simp [MultiTapeTM.initCfg, Cfg.init, a3LoadCfg,̵ ̵b̵u̵f̵f̵e̵r̵T̵a̵p̵e̵]

Note: This linter can be disabled with `set_option linter.unusedSimpArgs false`
TCSlib/Complexity/ClassNP/EXP.lean:2760:88: warning: This simp argument is unused:
  bufferTape

Hint: Omit it from the simp argument list.
  simp [Action.apply, Cfg.ofWords, stateWord, b̵u̵f̵f̵e̵r̵T̵a̵p̵e̵,̵ ̵hz]

Note: This linter can be disabled with `set_option linter.unusedSimpArgs false`
TCSlib/Complexity/ClassNP/EXP.lean:2778:66: warning: This simp argument is unused:
  a3LoadCfg

Hint: Omit it from the simp argument list.
  simp [Action.apply, a̵3̵L̵o̵a̵d̵C̵f̵g̵,̵ ̵hz]

Note: This linter can be disabled with `set_option linter.unusedSimpArgs false`
TCSlib/Complexity/ClassNP/EXP.lean:2779:66: warning: This simp argument is unused:
  a3LoadCfg

Hint: Omit it from the simp argument list.
  simp [Action.apply, a̵3̵L̵o̵a̵d̵C̵f̵g̵,̵ ̵hz, sub_eq_add_neg]

Note: This linter can be disabled with `set_option linter.unusedSimpArgs false`
[45/65] TCSlib/Complexity/ClassNP/Reductions
[46/65] TCSlib/Complexity/ClassNP/NTIME
TCSlib/Complexity/ClassNP/NTIME.lean:215:8: warning: `Set.eq_empty_iff_forall_not_mem` has been deprecated: Use `Set.eq_empty_iff_forall_notMem` instead
[47/65] TCSlib/Complexity/ClassNP/Nondeterminism
TCSlib/Complexity/ClassNP/Nondeterminism.lean:3237:52: warning: This simp argument is unused:
  bufferTape

Hint: Omit it from the simp argument list.
  simp [MultiTapeTM.initCfg, Cfg.init, a2LoadCfg,̵ ̵b̵u̵f̵f̵e̵r̵T̵a̵p̵e̵]

Note: This linter can be disabled with `set_option linter.unusedSimpArgs false`
TCSlib/Complexity/ClassNP/Nondeterminism.lean:3267:36: warning: This simp argument is unused:
  a2LoadCfg

Hint: Omit it from the simp argument list.
  simp [Action.apply, a̵2̵L̵o̵a̵d̵C̵f̵g̵,̵ ̵sub_eq_add_neg]

Note: This linter can be disabled with `set_option linter.unusedSimpArgs false`
TCSlib/Complexity/ClassNP/Nondeterminism.lean:3757:40: warning: this tactic is never executed

Note: This linter can be disabled with `set_option linter.unreachableTactic false`
TCSlib/Complexity/ClassNP/Nondeterminism.lean:3763:42: warning: this tactic is never executed

Note: This linter can be disabled with `set_option linter.unreachableTactic false`
TCSlib/Complexity/ClassNP/Nondeterminism.lean:3779:78: warning: this tactic is never executed

Note: This linter can be disabled with `set_option linter.unreachableTactic false`
TCSlib/Complexity/ClassNP/Nondeterminism.lean:3749:55: warning: Used `tac1 <;> tac2` where `(tac1; tac2)` would suffice

Note: This linter can be disabled with `set_option linter.unnecessarySeqFocus false`
TCSlib/Complexity/ClassNP/Nondeterminism.lean:3750:54: warning: Used `tac1 <;> tac2` where `(tac1; tac2)` would suffice

Note: This linter can be disabled with `set_option linter.unnecessarySeqFocus false`
TCSlib/Complexity/ClassNP/Nondeterminism.lean:3752:61: warning: Used `tac1 <;> tac2` where `(tac1; tac2)` would suffice

Note: This linter can be disabled with `set_option linter.unnecessarySeqFocus false`
TCSlib/Complexity/ClassNP/Nondeterminism.lean:3761:55: warning: Used `tac1 <;> tac2` where `(tac1; tac2)` would suffice

Note: This linter can be disabled with `set_option linter.unnecessarySeqFocus false`
TCSlib/Complexity/ClassNP/Nondeterminism.lean:3769:58: warning: Used `tac1 <;> tac2` where `(tac1; tac2)` would suffice

Note: This linter can be disabled with `set_option linter.unnecessarySeqFocus false`
TCSlib/Complexity/ClassNP/Nondeterminism.lean:3757:40: warning: 'omega' tactic does nothing

Note: This linter can be disabled with `set_option linter.unusedTactic false`
TCSlib/Complexity/ClassNP/Nondeterminism.lean:3763:42: warning: 'omega' tactic does nothing

Note: This linter can be disabled with `set_option linter.unusedTactic false`
TCSlib/Complexity/ClassNP/Nondeterminism.lean:3779:78: warning: 'omega' tactic does nothing

Note: This linter can be disabled with `set_option linter.unusedTactic false`
TCSlib/Complexity/ClassNP/Nondeterminism.lean:3797:65: warning: this tactic is never executed

Note: This linter can be disabled with `set_option linter.unreachableTactic false`
TCSlib/Complexity/ClassNP/Nondeterminism.lean:3803:58: warning: this tactic is never executed

Note: This linter can be disabled with `set_option linter.unreachableTactic false`
TCSlib/Complexity/ClassNP/Nondeterminism.lean:3819:60: warning: this tactic is never executed

Note: This linter can be disabled with `set_option linter.unreachableTactic false`
TCSlib/Complexity/ClassNP/Nondeterminism.lean:3791:55: warning: Used `tac1 <;> tac2` where `(tac1; tac2)` would suffice

Note: This linter can be disabled with `set_option linter.unnecessarySeqFocus false`
TCSlib/Complexity/ClassNP/Nondeterminism.lean:3792:54: warning: Used `tac1 <;> tac2` where `(tac1; tac2)` would suffice

Note: This linter can be disabled with `set_option linter.unnecessarySeqFocus false`
TCSlib/Complexity/ClassNP/Nondeterminism.lean:3793:61: warning: Used `tac1 <;> tac2` where `(tac1; tac2)` would suffice

Note: This linter can be disabled with `set_option linter.unnecessarySeqFocus false`
TCSlib/Complexity/ClassNP/Nondeterminism.lean:3802:55: warning: Used `tac1 <;> tac2` where `(tac1; tac2)` would suffice

Note: This linter can be disabled with `set_option linter.unnecessarySeqFocus false`
TCSlib/Complexity/ClassNP/Nondeterminism.lean:3809:58: warning: Used `tac1 <;> tac2` where `(tac1; tac2)` would suffice

Note: This linter can be disabled with `set_option linter.unnecessarySeqFocus false`
TCSlib/Complexity/ClassNP/Nondeterminism.lean:3797:65: warning: 'omega' tactic does nothing

Note: This linter can be disabled with `set_option linter.unusedTactic false`
TCSlib/Complexity/ClassNP/Nondeterminism.lean:3803:58: warning: 'omega' tactic does nothing

Note: This linter can be disabled with `set_option linter.unusedTactic false`
TCSlib/Complexity/ClassNP/Nondeterminism.lean:3819:60: warning: 'omega' tactic does nothing

Note: This linter can be disabled with `set_option linter.unusedTactic false`
TCSlib/Complexity/ClassNP/Nondeterminism.lean:3830:55: warning: Used `tac1 <;> tac2` where `(tac1; tac2)` would suffice

Note: This linter can be disabled with `set_option linter.unnecessarySeqFocus false`
TCSlib/Complexity/ClassNP/Nondeterminism.lean:3864:34: warning: This simp argument is unused:
  a3nEqCfg

Hint: Omit it from the simp argument list.
  simp [Action.apply,̵ ̵a̵3̵n̵E̵q̵C̵f̵g̵]

Note: This linter can be disabled with `set_option linter.unusedSimpArgs false`
TCSlib/Complexity/ClassNP/Nondeterminism.lean:3875:36: warning: This simp argument is unused:
  a3nEqCfg

Hint: Omit it from the simp argument list.
  simp [Action.apply, a̵3̵n̵E̵q̵C̵f̵g̵,̵ ̵sub_eq_add_neg]

Note: This linter can be disabled with `set_option linter.unusedSimpArgs false`
TCSlib/Complexity/ClassNP/Nondeterminism.lean:3914:17: warning: This simp argument is unused:
  Fin.val_mk

Hint: Omit it from the simp argument list.
  simp only ̵[̵F̵i̵n̵.̵v̵a̵l̵_̵m̵k̵]̵

Note: This linter can be disabled with `set_option linter.unusedSimpArgs false`
TCSlib/Complexity/ClassNP/Nondeterminism.lean:3885:55: warning: Used `tac1 <;> tac2` where `(tac1; tac2)` would suffice

Note: This linter can be disabled with `set_option linter.unnecessarySeqFocus false`
TCSlib/Complexity/ClassNP/Nondeterminism.lean:3887:42: warning: Used `tac1 <;> tac2` where `(tac1; tac2)` would suffice

Note: This linter can be disabled with `set_option linter.unnecessarySeqFocus false`
TCSlib/Complexity/ClassNP/Nondeterminism.lean:3895:42: warning: Used `tac1 <;> tac2` where `(tac1; tac2)` would suffice

Note: This linter can be disabled with `set_option linter.unnecessarySeqFocus false`
TCSlib/Complexity/ClassNP/Nondeterminism.lean:3897:92: warning: Used `tac1 <;> tac2` where `(tac1; tac2)` would suffice

Note: This linter can be disabled with `set_option linter.unnecessarySeqFocus false`
TCSlib/Complexity/ClassNP/Nondeterminism.lean:3940:51: warning: this tactic is never executed

Note: This linter can be disabled with `set_option linter.unreachableTactic false`
TCSlib/Complexity/ClassNP/Nondeterminism.lean:3933:65: warning: Used `tac1 <;> tac2` where `(tac1; tac2)` would suffice

Note: This linter can be disabled with `set_option linter.unnecessarySeqFocus false`
TCSlib/Complexity/ClassNP/Nondeterminism.lean:3940:51: warning: 'omega' tactic does nothing

Note: This linter can be disabled with `set_option linter.unusedTactic false`
TCSlib/Complexity/ClassNP/Nondeterminism.lean:3968:63: warning: This simp argument is unused:
  bufferTape

Hint: Omit it from the simp argument list.
  simp [MultiTapeTM.initCfg, Cfg.init, a3nEqCfg,̵ ̵b̵u̵f̵f̵e̵r̵T̵a̵p̵e̵]

Note: This linter can be disabled with `set_option linter.unusedSimpArgs false`
TCSlib/Complexity/ClassNP/Nondeterminism.lean:4137:63: warning: This simp argument is unused:
  Bool.true_eq

Hint: Omit it from the simp argument list.
  simp only [MultiTapeTM.indicator, hmem, Function.comp_apply, a3n_fst, a3n_snd, a3n_concat, hw,
  ̲  ̲ ̲ ̲ ̲ ̲ ̲ ̲hx', pairDecode_pairEncode, Option.map_some, Option.getD_some, Option.isSome_some, B̵o̵o̵l̵.̵t̵r̵u̵e̵_̵e̵q̵,̵if_true,
          e3c_bits_injective.eq_iff, decide_eq_true_eq, ite_and]

Note: This linter can be disabled with `set_option linter.unusedSimpArgs false`
[48/65] TCSlib/Complexity/ClassNP/SAT
TCSlib/Complexity/ClassNP/SAT.lean:164:51: warning: Used `tac1 <;> tac2` where `(tac1; tac2)` would suffice

Note: This linter can be disabled with `set_option linter.unnecessarySeqFocus false`
TCSlib/Complexity/ClassNP/SAT.lean:364:33: warning: Try `simp at h` instead of `simpa using h`

Note: This linter can be disabled with `set_option linter.unnecessarySimpa false`
TCSlib/Complexity/ClassNP/SAT.lean:487:63: warning: Used `tac1 <;> tac2` where `(tac1; tac2)` would suffice

Note: This linter can be disabled with `set_option linter.unnecessarySeqFocus false`
TCSlib/Complexity/ClassNP/SAT.lean:639:56: warning: Used `tac1 <;> tac2` where `(tac1; tac2)` would suffice

Note: This linter can be disabled with `set_option linter.unnecessarySeqFocus false`
TCSlib/Complexity/ClassNP/SAT.lean:664:59: warning: Used `tac1 <;> tac2` where `(tac1; tac2)` would suffice

Note: This linter can be disabled with `set_option linter.unnecessarySeqFocus false`
TCSlib/Complexity/ClassNP/SAT.lean:701:55: warning: Used `tac1 <;> tac2` where `(tac1; tac2)` would suffice

Note: This linter can be disabled with `set_option linter.unnecessarySeqFocus false`
TCSlib/Complexity/ClassNP/SAT.lean:711:58: warning: Used `tac1 <;> tac2` where `(tac1; tac2)` would suffice

Note: This linter can be disabled with `set_option linter.unnecessarySeqFocus false`
TCSlib/Complexity/ClassNP/SAT.lean:722:88: warning: Used `tac1 <;> tac2` where `(tac1; tac2)` would suffice

Note: This linter can be disabled with `set_option linter.unnecessarySeqFocus false`
TCSlib/Complexity/ClassNP/SAT.lean:751:60: warning: 'omega' tactic does nothing

Note: This linter can be disabled with `set_option linter.unusedTactic false`
TCSlib/Complexity/ClassNP/SAT.lean:762:27: warning: 'omega' tactic does nothing

Note: This linter can be disabled with `set_option linter.unusedTactic false`
TCSlib/Complexity/ClassNP/SAT.lean:784:91: warning: 'omega' tactic does nothing

Note: This linter can be disabled with `set_option linter.unusedTactic false`
TCSlib/Complexity/ClassNP/SAT.lean:751:60: warning: this tactic is never executed

Note: This linter can be disabled with `set_option linter.unreachableTactic false`
TCSlib/Complexity/ClassNP/SAT.lean:762:27: warning: this tactic is never executed

Note: This linter can be disabled with `set_option linter.unreachableTactic false`
TCSlib/Complexity/ClassNP/SAT.lean:784:91: warning: this tactic is never executed

Note: This linter can be disabled with `set_option linter.unreachableTactic false`
TCSlib/Complexity/ClassNP/SAT.lean:780:84: warning: Used `tac1 <;> tac2` where `(tac1; tac2)` would suffice

Note: This linter can be disabled with `set_option linter.unnecessarySeqFocus false`
TCSlib/Complexity/ClassNP/SAT.lean:840:56: warning: 'omega' tactic does nothing

Note: This linter can be disabled with `set_option linter.unusedTactic false`
TCSlib/Complexity/ClassNP/SAT.lean:840:56: warning: this tactic is never executed

Note: This linter can be disabled with `set_option linter.unreachableTactic false`
TCSlib/Complexity/ClassNP/SAT.lean:823:63: warning: Used `tac1 <;> tac2` where `(tac1; tac2)` would suffice

Note: This linter can be disabled with `set_option linter.unnecessarySeqFocus false`
TCSlib/Complexity/ClassNP/SAT.lean:847:51: warning: Used `tac1 <;> tac2` where `(tac1; tac2)` would suffice

Note: This linter can be disabled with `set_option linter.unnecessarySeqFocus false`
TCSlib/Complexity/ClassNP/SAT.lean:908:48: warning: Used `tac1 <;> tac2` where `(tac1; tac2)` would suffice

Note: This linter can be disabled with `set_option linter.unnecessarySeqFocus false`
TCSlib/Complexity/ClassNP/SAT.lean:948:55: warning: This simp argument is unused:
  FinTM.bufferTape

Hint: Omit it from the simp argument list.
  simp [captureCfg, MultiTapeTM.initCfg, Cfg.init,̵ ̵F̵i̵n̵T̵M̵.̵b̵u̵f̵f̵e̵r̵T̵a̵p̵e̵]

Note: This linter can be disabled with `set_option linter.unusedSimpArgs false`
TCSlib/Complexity/ClassNP/SAT.lean:1010:26: warning: Used `tac1 <;> tac2` where `(tac1; tac2)` would suffice

Note: This linter can be disabled with `set_option linter.unnecessarySeqFocus false`
TCSlib/Complexity/ClassNP/SAT.lean:1289:8: warning: This simp argument is unused:
  satSafeValue

Hint: Omit it from the simp argument list.
  simp [satVerdict, satSplitValid, satSplit, hs, pairDecode_pairEncode, s̵a̵t̵S̵a̵f̵e̵V̵a̵l̵u̵e̵,̵ ̵satGood, satInstance,
  ̲  ̲ ̲ ̲ ̲ ̲ ̲ ̲satWitness, satSyntax_spec, hp, CNF.decode, CNF.fallback, satWidth]

Note: This linter can be disabled with `set_option linter.unusedSimpArgs false`
TCSlib/Complexity/ClassNP/SAT.lean:1289:22: warning: This simp argument is unused:
  satGood

Hint: Omit it from the simp argument list.
  simp [satVerdict, satSplitValid, satSplit, hs, pairDecode_pairEncode,
  ̵  ̵ ̵ ̵ ̵ ̵ ̵ ̵satSafeValue,
  ̲ s̵a̵t̵G̵o̵o̵d̵,̵  ̲ ̲ ̲ ̲ ̲ ̲satInstance, satWitness, satSyntax_spec, hp,
  ̵  ̵ ̵ ̵ ̵ ̵ ̵ ̵CNF.decode, CNF.fallback, satWidth]

Note: This linter can be disabled with `set_option linter.unusedSimpArgs false`
TCSlib/Complexity/ClassNP/SAT.lean:1289:44: warning: This simp argument is unused:
  satWitness

Hint: Omit it from the simp argument list.
  simp [satVerdict, satSplitValid, satSplit, hs, pairDecode_pairEncode, satSafeValue, satGood,
  ̲  ̲ ̲ ̲ ̲ ̲ ̲ ̲satInstance, s̵a̵t̵W̵i̵t̵n̵e̵s̵s̵,̵ ̵satSyntax_spec, hp, CNF.decode, CNF.fallback, satWidth]

Note: This linter can be disabled with `set_option linter.unusedSimpArgs false`
TCSlib/Complexity/ClassNP/SAT.lean:1388:80: warning: Used `tac1 <;> tac2` where `(tac1; tac2)` would suffice

Note: This linter can be disabled with `set_option linter.unnecessarySeqFocus false`
TCSlib/Complexity/ClassNP/SAT.lean:1516:11: warning: Try `simp at h` instead of `simpa using h`

Note: This linter can be disabled with `set_option linter.unnecessarySimpa false`
TCSlib/Complexity/ClassNP/SAT.lean:1842:12: warning: This simp argument is unused:
  he

Hint: Omit it from the simp argument list.
  simp [h̵e̵,̵ ̵satRedCounter_read, show r < n by omega]

Note: This linter can be disabled with `set_option linter.unusedSimpArgs false`
TCSlib/Complexity/ClassNP/SAT.lean:1839:39: warning: Used `tac1 <;> tac2` where `(tac1; tac2)` would suffice

Note: This linter can be disabled with `set_option linter.unnecessarySeqFocus false`
TCSlib/Complexity/ClassNP/SAT.lean:1853:17: warning: unused variable `hj`

Note: This linter can be disabled with `set_option linter.unusedVariables false`
TCSlib/Complexity/ClassNP/SAT.lean:1859:52: warning: This simp argument is unused:
  max_eq_left

Hint: Omit it from the simp argument list.
  simp [MultiTapeTM.runFrom_zero, m̵a̵x̵_̵e̵q̵_̵l̵e̵f̵t̵,̵ ̵*]

Note: This linter can be disabled with `set_option linter.unusedSimpArgs false`
TCSlib/Complexity/ClassNP/SAT.lean:1874:59: warning: 'omega' tactic does nothing

Note: This linter can be disabled with `set_option linter.unusedTactic false`
TCSlib/Complexity/ClassNP/SAT.lean:1874:59: warning: this tactic is never executed

Note: This linter can be disabled with `set_option linter.unreachableTactic false`
TCSlib/Complexity/ClassNP/SAT.lean:1929:19: warning: 'omega' tactic does nothing

Note: This linter can be disabled with `set_option linter.unusedTactic false`
TCSlib/Complexity/ClassNP/SAT.lean:1929:19: warning: this tactic is never executed

Note: This linter can be disabled with `set_option linter.unreachableTactic false`
TCSlib/Complexity/ClassNP/SAT.lean:1894:40: warning: Used `tac1 <;> tac2` where `(tac1; tac2)` would suffice

Note: This linter can be disabled with `set_option linter.unnecessarySeqFocus false`
TCSlib/Complexity/ClassNP/SAT.lean:1939:82: warning: Used `tac1 <;> tac2` where `(tac1; tac2)` would suffice

Note: This linter can be disabled with `set_option linter.unnecessarySeqFocus false`
TCSlib/Complexity/ClassNP/SAT.lean:1943:73: warning: Used `tac1 <;> tac2` where `(tac1; tac2)` would suffice

Note: This linter can be disabled with `set_option linter.unnecessarySeqFocus false`
TCSlib/Complexity/ClassNP/SAT.lean:1945:41: warning: Used `tac1 <;> tac2` where `(tac1; tac2)` would suffice

Note: This linter can be disabled with `set_option linter.unnecessarySeqFocus false`
TCSlib/Complexity/ClassNP/SAT.lean:2002:40: warning: 'omega' tactic does nothing

Note: This linter can be disabled with `set_option linter.unusedTactic false`
TCSlib/Complexity/ClassNP/SAT.lean:2002:40: warning: this tactic is never executed

Note: This linter can be disabled with `set_option linter.unreachableTactic false`
TCSlib/Complexity/ClassNP/SAT.lean:2008:51: warning: Used `tac1 <;> tac2` where `(tac1; tac2)` would suffice

Note: This linter can be disabled with `set_option linter.unnecessarySeqFocus false`
TCSlib/Complexity/ClassNP/SAT.lean:2027:47: warning: Used `tac1 <;> tac2` where `(tac1; tac2)` would suffice

Note: This linter can be disabled with `set_option linter.unnecessarySeqFocus false`
TCSlib/Complexity/ClassNP/SAT.lean:2060:48: warning: Used `tac1 <;> tac2` where `(tac1; tac2)` would suffice

Note: This linter can be disabled with `set_option linter.unnecessarySeqFocus false`
TCSlib/Complexity/ClassNP/SAT.lean:2080:28: warning: This simp argument is unused:
  Function.update_of_ne hz

Hint: Omit it from the simp argument list.
  simp [satRedBuffer, hz, F̵u̵n̵c̵t̵i̵o̵n̵.̵u̵p̵d̵a̵t̵e̵_̵o̵f̵_̵n̵e̵ ̵h̵z̵,̵ ̵FinTM.bufferTape]

Note: This linter can be disabled with `set_option linter.unusedSimpArgs false`
TCSlib/Complexity/ClassNP/SAT.lean:2167:19: warning: try 'simp' instead of 'simpa'

Note: This linter can be disabled with `set_option linter.unnecessarySimpa false`
TCSlib/Complexity/ClassNP/SAT.lean:2353:52: warning: This simp argument is unused:
  List.append_assoc

Hint: Omit it from the simp argument list.
  simp [satStreamTail, CNF.serializeClause, hp, L̵i̵s̵t̵.̵a̵p̵p̵e̵n̵d̵_̵a̵s̵s̵o̵c̵,̵ ̵Nat.add_assoc]

Note: This linter can be disabled with `set_option linter.unusedSimpArgs false`
TCSlib/Complexity/ClassNP/SAT.lean:2395:69: warning: This simp argument is unused:
  List.append_assoc

Hint: Omit it from the simp argument list.
  simp [satStreamRun, satStreamClause, CNF.serializeClause, hp₁, L̵i̵s̵t̵.̵a̵p̵p̵e̵n̵d̵_̵a̵s̵s̵o̵c̵,̵ ̵Nat.add_assoc]

Note: This linter can be disabled with `set_option linter.unusedSimpArgs false`
TCSlib/Complexity/ClassNP/SAT.lean:2458:52: warning: Used `tac1 <;> tac2` where `(tac1; tac2)` would suffice

Note: This linter can be disabled with `set_option linter.unnecessarySeqFocus false`
TCSlib/Complexity/ClassNP/SAT.lean:2485:44: warning: This simp argument is unused:
  List.append_nil

Hint: Omit it from the simp argument list.
  simp only [List.length_nil, Nat.zero_add,̵ ̵L̵i̵s̵t̵.̵a̵p̵p̵e̵n̵d̵_̵n̵i̵l̵] at h

Note: This linter can be disabled with `set_option linter.unusedSimpArgs false`
TCSlib/Complexity/ClassNP/SAT.lean:2500:24: warning: This simp argument is unused:
  Function.comp_apply

Hint: Omit it from the simp argument list.
  simp only [satStreamRun, ih, List.range_succ_eq_map, List.flatMap_cons, List.flatMap_map,
  ̲  ̲ ̲ ̲ ̲ ̲F̵u̵n̵c̵t̵i̵o̵n̵.̵c̵o̵m̵p̵_̵a̵p̵p̵l̵y̵,̵ ̵Function.iterate_zero_apply, Function.iterate_succ_apply]

Note: This linter can be disabled with `set_option linter.unusedSimpArgs false`
TCSlib/Complexity/ClassNP/SAT.lean:2535:29: warning: This simp argument is unused:
  Nat.mul_add

Hint: Omit it from the simp argument list.
  simp [List.length_flatMap, Nat.m̵u̵l̵_̵add,̵ ̵N̵a̵t̵.̵a̵d̵d̵_assoc, Nat.add_comm, Nat.add_left_comm,
  ̵  ̵ ̵ ̵Nat.mul_comm]

Note: This linter can be disabled with `set_option linter.unusedSimpArgs false`
TCSlib/Complexity/ClassNP/SAT.lean:2536:18: warning: Used `tac1 <;> tac2` where `(tac1; tac2)` would suffice

Note: This linter can be disabled with `set_option linter.unnecessarySeqFocus false`
TCSlib/Complexity/ClassNP/SAT.lean:2788:67: warning: This simp argument is unused:
  FinTM.bufferTape

Hint: Omit it from the simp argument list.
  simp [captureCfg, MultiTapeTM.initCfg, Cfg.init,̵ ̵F̵i̵n̵T̵M̵.̵b̵u̵f̵f̵e̵r̵T̵a̵p̵e̵]

Note: This linter can be disabled with `set_option linter.unusedSimpArgs false`
TCSlib/Complexity/ClassNP/SAT.lean:2914:30: warning: 'omega' tactic does nothing

Note: This linter can be disabled with `set_option linter.unusedTactic false`
TCSlib/Complexity/ClassNP/SAT.lean:2914:30: warning: this tactic is never executed

Note: This linter can be disabled with `set_option linter.unreachableTactic false`
TCSlib/Complexity/ClassNP/SAT.lean:2913:82: warning: Used `tac1 <;> tac2` where `(tac1; tac2)` would suffice

Note: This linter can be disabled with `set_option linter.unnecessarySeqFocus false`
TCSlib/Complexity/ClassNP/SAT.lean:3054:90: warning: 'omega' tactic does nothing

Note: This linter can be disabled with `set_option linter.unusedTactic false`
TCSlib/Complexity/ClassNP/SAT.lean:3054:90: warning: this tactic is never executed

Note: This linter can be disabled with `set_option linter.unreachableTactic false`
TCSlib/Complexity/ClassNP/SAT.lean:3054:39: warning: Used `tac1 <;> tac2` where `(tac1; tac2)` would suffice

Note: This linter can be disabled with `set_option linter.unnecessarySeqFocus false`
TCSlib/Complexity/ClassNP/SAT.lean:3121:33: warning: This simp argument is unused:
  Function.comp_def

Hint: Omit it from the simp argument list.
  simp [F̵u̵n̵c̵t̵i̵o̵n̵.̵c̵o̵m̵p̵_̵d̵e̵f̵,̵ ̵h]

Note: This linter can be disabled with `set_option linter.unusedSimpArgs false`
TCSlib/Complexity/ClassNP/SAT.lean:3216:73: warning: This simp argument is unused:
  List.append_assoc

Hint: Omit it from the simp argument list.
  simp [satRedAction, satRedCfg, Action.apply, List.replicate_succ',̵ ̵L̵i̵s̵t̵.̵a̵p̵p̵e̵n̵d̵_̵a̵s̵s̵o̵c̵]

Note: This linter can be disabled with `set_option linter.unusedSimpArgs false`
TCSlib/Complexity/ClassNP/SAT.lean:3260:68: warning: This simp argument is unused:
  hp

Hint: Omit it from the simp argument list.
  simp [satStreamCanonical, satSyntax_spec, CNF.decode, h̵p̵,̵ ̵sat_parse_repr hp,
  ̲  ̲ ̲ ̲CNF.parse_serialize]

Note: This linter can be disabled with `set_option linter.unusedSimpArgs false`
TCSlib/Complexity/ClassNP/SAT.lean:3279:25: warning: 'omega' tactic does nothing

Note: This linter can be disabled with `set_option linter.unusedTactic false`
TCSlib/Complexity/ClassNP/SAT.lean:3279:25: warning: this tactic is never executed

Note: This linter can be disabled with `set_option linter.unreachableTactic false`
TCSlib/Complexity/ClassNP/SAT.lean:3476:26: warning: This simp argument is unused:
  hw

Hint: Omit it from the simp argument list.
  simp only [satDropTM, h̵w̵,̵ ̵Option.isSome_none, Bool.false_eq_true, ↓reduceIte]

Note: This linter can be disabled with `set_option linter.unusedSimpArgs false`
TCSlib/Complexity/ClassNP/SAT.lean:3476:30: warning: This simp argument is unused:
  Option.isSome_none

Hint: Omit it from the simp argument list.
  simp only [satDropTM, hw, O̵p̵t̵i̵o̵n̵.̵i̵s̵S̵o̵m̵e̵_̵n̵o̵n̵e̵,̵ ̵Bool.false_eq_true, ↓reduceIte]

Note: This linter can be disabled with `set_option linter.unusedSimpArgs false`
TCSlib/Complexity/ClassNP/SAT.lean:3476:50: warning: This simp argument is unused:
  Bool.false_eq_true

Hint: Omit it from the simp argument list.
  simp only [satDropTM, hw, Option.isSome_none, B̵o̵o̵l̵.̵f̵a̵l̵s̵e̵_̵e̵q̵_̵t̵r̵u̵e̵,̵ ̵↓reduceIte]

Note: This linter can be disabled with `set_option linter.unusedSimpArgs false`
TCSlib/Complexity/ClassNP/SAT.lean:3476:70: warning: This simp argument is unused:
  ↓reduceIte

Hint: Omit it from the simp argument list.
  simp only [satDropTM, hw, Option.isSome_none, Bool.false_eq_true,̵ ̵↓̵r̵e̵d̵u̵c̵e̵I̵t̵e̵]

Note: This linter can be disabled with `set_option linter.unusedSimpArgs false`
TCSlib/Complexity/ClassNP/SAT.lean:3482:45: warning: This simp argument is unused:
  he

Hint: Omit it from the simp argument list.
  simp [satDropCfg, Cfg.workTapeSymbols, h̵e̵,̵ ̵satRedCounter_read, show r < n by omega]

Note: This linter can be disabled with `set_option linter.unusedSimpArgs false`
TCSlib/Complexity/ClassNP/SAT.lean:3582:82: warning: This simp argument is unused:
  FinTM.bufferTape

Hint: Omit it from the simp argument list.
  simp [satDropCfg, satRedCounter, MultiTapeTM.initCfg, Cfg.init,̵ ̵F̵i̵n̵T̵M̵.̵b̵u̵f̵f̵e̵r̵T̵a̵p̵e̵]

Note: This linter can be disabled with `set_option linter.unusedSimpArgs false`
TCSlib/Complexity/ClassNP/SAT.lean:3570:29: warning: Used `tac1 <;> tac2` where `(tac1; tac2)` would suffice

Note: This linter can be disabled with `set_option linter.unnecessarySeqFocus false`
TCSlib/Complexity/ClassNP/SAT.lean:3770:50: warning: This simp argument is unused:
  List.replicate_succ

Hint: Omit it from the simp argument list.
  simp_all [satReqStep, satReqEmit, satReqPack, satStreamWord,
              satStreamRound, List.replicate_succ',̵ ̵L̵i̵s̵t̵.̵r̵e̵p̵l̵i̵c̵a̵t̵e̵_̵s̵u̵c̵c̵]

Note: This linter can be disabled with `set_option linter.unusedSimpArgs false`
TCSlib/Complexity/ClassNP/SAT.lean:3794:74: warning: Used `tac1 <;> tac2` where `(tac1; tac2)` would suffice

Note: This linter can be disabled with `set_option linter.unnecessarySeqFocus false`
TCSlib/Complexity/ClassNP/SAT.lean:3924:55: warning: This simp argument is unused:
  sub_eq_add_neg

Hint: Omit it from the simp argument list.
  simp [satAppendCfg, Action.apply, SignType.cast, s̵u̵b̵_̵e̵q̵_̵a̵d̵d̵_̵n̵e̵g̵,̵ ̵add_assoc]

Note: This linter can be disabled with `set_option linter.unusedSimpArgs false`
TCSlib/Complexity/ClassNP/SAT.lean:3924:71: warning: This simp argument is unused:
  add_assoc

Hint: Omit it from the simp argument list.
  simp [satAppendCfg, Action.apply, SignType.cast, sub_eq_add_neg,̵ ̵a̵d̵d̵_̵a̵s̵s̵o̵c̵]

Note: This linter can be disabled with `set_option linter.unusedSimpArgs false`
TCSlib/Complexity/ClassNP/SAT.lean:3965:34: warning: This simp argument is unused:
  List.getElem?_cons_zero

Hint: Omit it from the simp argument list.
  simp only [satAppendTM, hr,̵ ̵L̵i̵s̵t̵.̵g̵e̵t̵E̵l̵e̵m̵?̵_̵c̵o̵n̵s̵_̵z̵e̵r̵o̵]

Note: This linter can be disabled with `set_option linter.unusedSimpArgs false`
TCSlib/Complexity/ClassNP/SAT.lean:3971:67: warning: This simp argument is unused:
  sub_eq_add_neg

Hint: Omit it from the simp argument list.
  simp [satAppendCfg, Action.apply, SignType.cast, s̵u̵b̵_̵e̵q̵_̵a̵d̵d̵_̵n̵e̵g̵,̵ ̵add_assoc]

Note: This linter can be disabled with `set_option linter.unusedSimpArgs false`
TCSlib/Complexity/ClassNP/SAT.lean:3995:69: warning: This simp argument is unused:
  add_assoc

Hint: Omit it from the simp argument list.
  simp [satAppendCfg, Action.apply, SignType.cast, sub_eq_add_neg,̵ ̵a̵d̵d̵_̵a̵s̵s̵o̵c̵]

Note: This linter can be disabled with `set_option linter.unusedSimpArgs false`
TCSlib/Complexity/ClassNP/SAT.lean:4132:62: warning: This simp argument is unused:
  hi

Hint: Omit it from the simp argument list.
  simp [satPadCfg, Cfg.ofWords,̵ ̵h̵i̵]

Note: This linter can be disabled with `set_option linter.unusedSimpArgs false`
TCSlib/Complexity/ClassNP/SAT.lean:4361:43: warning: This simp argument is unused:
  Nat.mul_assoc

Hint: Omit it from the simp argument list.
  simp only [Nat.add_mul, Nat.one_mul, N̵a̵t̵.̵m̵u̵l̵_̵a̵s̵s̵o̵c̵,̵ ̵two_mul]

Note: This linter can be disabled with `set_option linter.unusedSimpArgs false`
TCSlib/Complexity/ClassNP/SAT.lean:4408:55: warning: Used `tac1 <;> tac2` where `(tac1; tac2)` would suffice

Note: This linter can be disabled with `set_option linter.unnecessarySeqFocus false`
TCSlib/Complexity/ClassNP/SAT.lean:4480:79: warning: This simp argument is unused:
  FinTM.bufferTape

Hint: Omit it from the simp argument list.
  simp [MultiTapeTM.initCfg, Cfg.init, Cfg.ofWords, stateWord,̵ ̵F̵i̵n̵T̵M̵.̵b̵u̵f̵f̵e̵r̵T̵a̵p̵e̵]

Note: This linter can be disabled with `set_option linter.unusedSimpArgs false`
TCSlib/Complexity/ClassNP/SAT.lean:4495:30: warning: This simp argument is unused:
  Nat.mul_one

Hint: Omit it from the simp argument list.
  simp only [Nat.add_mul,̵ ̵N̵a̵t̵.̵m̵u̵l̵_̵o̵n̵e̵]

Note: This linter can be disabled with `set_option linter.unusedSimpArgs false`
[49/65] TCSlib/Complexity/ClassNP/TMSAT
[50/65] TCSlib/Complexity/CookLevin/Snapshot
[51/65] TCSlib/Complexity/CookLevin/Hardness
TCSlib/Complexity/CookLevin/Hardness.lean:1305:35: warning: This simp argument is unused:
  hw

Hint: Omit it from the simp argument list.
  simp only ̵[̵h̵w̵]̵

Note: This linter can be disabled with `set_option linter.unusedSimpArgs false`
TCSlib/Complexity/CookLevin/Hardness.lean:1305:39: warning: Used `tac1 <;> tac2` where `(tac1; tac2)` would suffice

Note: This linter can be disabled with `set_option linter.unnecessarySeqFocus false`
TCSlib/Complexity/CookLevin/Hardness.lean:1329:12: warning: This simp argument is unused:
  MultiTapeTM.step

Hint: Omit it from the simp argument list.
  simp [M̵u̵l̵t̵i̵T̵a̵p̵e̵T̵M̵.̵s̵t̵e̵p̵,̵ ̵hs, FinTM.controlAction, Action.apply]

Note: This linter can be disabled with `set_option linter.unusedSimpArgs false`
TCSlib/Complexity/CookLevin/Hardness.lean:1329:55: warning: This simp argument is unused:
  Action.apply

Hint: Omit it from the simp argument list.
  simp [MultiTapeTM.step, hs, FinTM.controlAction,̵ ̵A̵c̵t̵i̵o̵n̵.̵a̵p̵p̵l̵y̵]

Note: This linter can be disabled with `set_option linter.unusedSimpArgs false`
TCSlib/Complexity/CookLevin/Hardness.lean:1332:23: warning: This simp argument is unused:
  MultiTapeTM.step

Hint: Omit it from the simp argument list.
  simp [clBankCfg, M̵u̵l̵t̵i̵T̵a̵p̵e̵T̵M̵.̵s̵t̵e̵p̵,̵ ̵hs, FinTM.controlAction, Action.apply]

Note: This linter can be disabled with `set_option linter.unusedSimpArgs false`
TCSlib/Complexity/CookLevin/Hardness.lean:1335:23: warning: This simp argument is unused:
  MultiTapeTM.step

Hint: Omit it from the simp argument list.
  simp [clBankCfg, M̵u̵l̵t̵i̵T̵a̵p̵e̵T̵M̵.̵s̵t̵e̵p̵,̵ ̵hs, FinTM.controlAction, Action.apply]

Note: This linter can be disabled with `set_option linter.unusedSimpArgs false`
TCSlib/Complexity/CookLevin/Hardness.lean:1465:31: warning: This simp argument is unused:
  MultiTapeTM.step_of_halt hs

Hint: Omit it from the simp argument list.
  simp [clMoves, hs,̵ ̵M̵u̵l̵t̵i̵T̵a̵p̵e̵T̵M̵.̵s̵t̵e̵p̵_̵o̵f̵_̵h̵a̵l̵t̵ ̵h̵s̵]

Note: This linter can be disabled with `set_option linter.unusedSimpArgs false`
TCSlib/Complexity/CookLevin/Hardness.lean:1774:13: warning: This simp argument is unused:
  Fin.cases_zero

Hint: Omit it from the simp argument list.
  simp only [clCopyTM, ↓reduceIte, clCopyCfg, Cfg.workTapeSymbols, clTwo, F̵i̵n̵.̵c̵a̵s̵e̵s̵_̵z̵e̵r̵o̵,̵ ̵hr]

Note: This linter can be disabled with `set_option linter.unusedSimpArgs false`
TCSlib/Complexity/CookLevin/Hardness.lean:1780:43: warning: This simp argument is unused:
  Fin.cases_zero

Hint: Omit it from the simp argument list.
  simp only [clCopyTM, show (1 : Fin 5) ≠ 0 by decide, ↓reduceIte, clCopyCfg, Cfg.workTapeSymbols,
  ̲  ̲ ̲ ̲clTwo, F̵i̵n̵.̵c̵a̵s̵e̵s̵_̵z̵e̵r̵o̵,̵ ̵hr, Option.getD_some]

Note: This linter can be disabled with `set_option linter.unusedSimpArgs false`
TCSlib/Complexity/CookLevin/Hardness.lean:1814:13: warning: This simp argument is unused:
  Fin.cases_zero

Hint: Omit it from the simp argument list.
  simp only [clCopyTM, ↓reduceIte, clCopyCfg, Cfg.workTapeSymbols, clTwo, F̵i̵n̵.̵c̵a̵s̵e̵s̵_̵z̵e̵r̵o̵,̵ ̵hr]

Note: This linter can be disabled with `set_option linter.unusedSimpArgs false`
TCSlib/Complexity/CookLevin/Hardness.lean:1852:59: warning: This simp argument is unused:
  Fin.cases_zero

Hint: Omit it from the simp argument list.
  simp only [clCopyTM, show (3 : Fin 5) ≠ 0 by decide, show (3 : Fin 5) ≠ 1 by decide,
  ̲  ̲ ̲ ̲ ̲ ̲ ̲ ̲show (3 : Fin 5) ≠ 2 by decide, ↓reduceIte, clCopyCfg, Cfg.workTapeSymbols, clTwo, F̵i̵n̵.̵c̵a̵s̵e̵s̵_̵z̵e̵r̵o̵,̵ ̵hr]

Note: This linter can be disabled with `set_option linter.unusedSimpArgs false`
TCSlib/Complexity/CookLevin/Hardness.lean:1854:47: warning: This simp argument is unused:
  clCopyCfg

Hint: Omit it from the simp argument list.
  simp [clTwo, c̵l̵C̵o̵p̵y̵C̵f̵g̵,̵ ̵Action.apply]

Note: This linter can be disabled with `set_option linter.unusedSimpArgs false`
TCSlib/Complexity/CookLevin/Hardness.lean:1855:47: warning: This simp argument is unused:
  clCopyCfg

Hint: Omit it from the simp argument list.
  simp [clTwo, c̵l̵C̵o̵p̵y̵C̵f̵g̵,̵ ̵Action.apply, sub_eq_add_neg]

Note: This linter can be disabled with `set_option linter.unusedSimpArgs false`
TCSlib/Complexity/CookLevin/Hardness.lean:2078:8: warning: Try this: intro j hj q hq heq
TCSlib/Complexity/CookLevin/Hardness.lean:2210:62: warning: This simp argument is unused:
  List.append_assoc

Hint: Omit it from the simp argument list.
  simp [pairEncode, List.flatMap_cons,̵ ̵L̵i̵s̵t̵.̵a̵p̵p̵e̵n̵d̵_̵a̵s̵s̵o̵c̵] at ⊢ ih

Note: This linter can be disabled with `set_option linter.unusedSimpArgs false`
TCSlib/Complexity/CookLevin/Hardness.lean:2504:95: warning: This simp argument is unused:
  clRight_ne_left

Hint: Omit it from the simp argument list.
  simp [clRecCfg, clRecClockIndex, Action.apply, FinTM.tapeBlocks, clLeft_ne_right,
  ̲ c̵l̵R̵i̵g̵h̵t̵_̵n̵e̵_̵l̵e̵f̵t̵,̵  ̲ ̲-Fin.natAdd_eq_addNat]

Note: This linter can be disabled with `set_option linter.unusedSimpArgs false`
TCSlib/Complexity/CookLevin/Hardness.lean:2507:97: warning: This simp argument is unused:
  clRight_ne_left

Hint: Omit it from the simp argument list.
  simp [clRecCfg, clRecClockIndex, Action.apply, FinTM.tapeBlocks, clLeft_ne_right,
  ̲ c̵l̵R̵i̵g̵h̵t̵_̵n̵e̵_̵l̵e̵f̵t̵,̵  ̲ ̲ ̲ ̲-Fin.natAdd_eq_addNat]

Note: This linter can be disabled with `set_option linter.unusedSimpArgs false`
TCSlib/Complexity/CookLevin/Hardness.lean:2513:73: warning: This simp argument is unused:
  clLeft_ne_right

Hint: Omit it from the simp argument list.
  simp [clRecCfg, clRecClockIndex, Action.apply, FinTM.tapeBlocks, c̵l̵L̵e̵f̵t̵_̵n̵e̵_̵r̵i̵g̵h̵t̵,̵ ̵clRight_ne_left,
  ̲  ̲ ̲ ̲ ̲ ̲ ̲ ̲ ̲ ̲-Fin.natAdd_eq_addNat]

Note: This linter can be disabled with `set_option linter.unusedSimpArgs false`
TCSlib/Complexity/CookLevin/Hardness.lean:2513:90: warning: This simp argument is unused:
  clRight_ne_left

Hint: Omit it from the simp argument list.
  simp [clRecCfg, clRecClockIndex, Action.apply, FinTM.tapeBlocks, clLeft_ne_right,
  ̲  ̲ ̲ ̲ ̲ ̲ ̲ ̲ ̲ ̲c̵l̵R̵i̵g̵h̵t̵_̵n̵e̵_̵l̵e̵f̵t̵,̵ ̵-Fin.natAdd_eq_addNat]

Note: This linter can be disabled with `set_option linter.unusedSimpArgs false`
TCSlib/Complexity/CookLevin/Hardness.lean:2514:82: warning: This simp argument is unused:
  clLeft_ne_right

Hint: Omit it from the simp argument list.
  simp [clRecCfg, clRecClockIndex, Action.apply, FinTM.tapeBlocks, c̵l̵L̵e̵f̵t̵_̵n̵e̵_̵r̵i̵g̵h̵t̵,̵ ̵clRight_ne_left,
  ̲  ̲ ̲ ̲ ̲ ̲ ̲ ̲-Fin.natAdd_eq_addNat]

Note: This linter can be disabled with `set_option linter.unusedSimpArgs false`
TCSlib/Complexity/CookLevin/Hardness.lean:3201:57: warning: Used `tac1 <;> tac2` where `(tac1; tac2)` would suffice

Note: This linter can be disabled with `set_option linter.unnecessarySeqFocus false`
TCSlib/Complexity/CookLevin/Hardness.lean:3282:77: warning: This simp argument is unused:
  if_false

Hint: Omit it from the simp argument list.
  simp only [clReadTM, clReadCfg, Cfg.workTapeSymbols, clTwo,
  ̵  ̵ ̵ ̵ ̵ ̵ ̵ ̵show (1 : Fin 2) ≠ 0 by decide,
  ̲  ̲ ̲ ̲ ̲ ̲ ̲ ̲↓reduceIte, hr, Option.some_ne_none,̵ ̵i̵f̵_̵f̵a̵l̵s̵e̵]

Note: This linter can be disabled with `set_option linter.unusedSimpArgs false`
TCSlib/Complexity/CookLevin/Hardness.lean:3306:27: warning: This simp argument is unused:
  ih

Hint: Omit it from the simp argument list.
  simp ̵[̵i̵h̵]̵

Note: This linter can be disabled with `set_option linter.unusedSimpArgs false`
TCSlib/Complexity/CookLevin/Hardness.lean:3437:65: warning: This simp argument is unused:
  if_false

Hint: Omit it from the simp argument list.
  simp only [clWipeTM, clWipeCfg, Cfg.workTapeSymbols, clTwo, ↓reduceIte,
          show (1 : Fin 2) ≠ 0 by decide, hr, Option.some_ne_none,̵ ̵i̵f̵_̵f̵a̵l̵s̵e̵]

Note: This linter can be disabled with `set_option linter.unusedSimpArgs false`
TCSlib/Complexity/CookLevin/Hardness.lean:3469:59: warning: This simp argument is unused:
  if_false

Hint: Omit it from the simp argument list.
  simp only [clWipeTM, show (1 : Fin 3) ≠ 0 by decide, i̵f̵_̵f̵a̵l̵s̵e̵,̵ ̵if_true, clWipeCfg, Cfg.workTapeSymbols,
  ̲  ̲ ̲ ̲ ̲ ̲ ̲ ̲clTwo, show (1 : Fin 2) ≠ 0 by decide, ↓reduceIte, hr, Option.some_ne_none]

Note: This linter can be disabled with `set_option linter.unusedSimpArgs false`
TCSlib/Complexity/CookLevin/Hardness.lean:3469:69: warning: This simp argument is unused:
  if_true

Hint: Omit it from the simp argument list.
  simp only [clWipeTM, show (1 : Fin 3) ≠ 0 by decide, if_false, i̵f̵_̵t̵r̵u̵e̵,̵clWipeCfg, Cfg.workTapeSymbols,
  ̲  ̲ ̲ ̲ ̲ ̲ ̲ ̲clTwo, show (1 : Fin 2) ≠ 0 by decide, ↓reduceIte, hr, Option.some_ne_none]

Note: This linter can be disabled with `set_option linter.unusedSimpArgs false`
TCSlib/Complexity/CookLevin/Hardness.lean:3881:22: warning: This simp argument is unused:
  funext_iff

Hint: Omit it from the simp argument list.
  simp [MultiTapeTM.step, clInputTM, clInputCfg, Cfg.inputSymbol, Action.apply, m̵o̵v̵e̵I̵n̵p̵u̵t̵P̵o̵s̵,̵ ̵f̵u̵n̵e̵x̵t̵_̵i̵f̵f̵]̵m̲o̲v̲e̲I̲n̲p̲u̲t̲P̲o̲s̲]̲

Note: This linter can be disabled with `set_option linter.unusedSimpArgs false`
TCSlib/Complexity/CookLevin/Hardness.lean:3906:82: warning: This simp argument is unused:
  funext_iff

Hint: Omit it from the simp argument list.
  simp [MultiTapeTM.initCfg, Cfg.init, clInputCfg, clInputTM,̵ ̵f̵u̵n̵e̵x̵t̵_̵i̵f̵f̵]

Note: This linter can be disabled with `set_option linter.unusedSimpArgs false`
TCSlib/Complexity/CookLevin/Hardness.lean:3914:8: warning: This simp argument is unused:
  FinTM.moveInputPos_neg_val

Hint: Omit it from the simp argument list.
  simp [MultiTapeTM.step, clInputTM, clInputCfg, Cfg.inputSymbol, Action.apply, F̵i̵n̵T̵M̵.̵m̵o̵v̵e̵I̵n̵p̵u̵t̵P̵o̵s̵_̵n̵e̵g̵_̵v̵a̵l̵,̵ ̵funext_iff,
  ̲  ̲ ̲ ̲ ̲ ̲ ̲ ̲sub_eq_add_neg]

Note: This linter can be disabled with `set_option linter.unusedSimpArgs false`
TCSlib/Complexity/CookLevin/Hardness.lean:3914:36: warning: This simp argument is unused:
  funext_iff

Hint: Omit it from the simp argument list.
  simp [MultiTapeTM.step, clInputTM, clInputCfg, Cfg.inputSymbol, Action.apply,
          FinTM.moveInputPos_neg_val, f̵u̵n̵e̵x̵t̵_̵i̵f̵f̵,̵ ̵sub_eq_add_neg]

Note: This linter can be disabled with `set_option linter.unusedSimpArgs false`
TCSlib/Complexity/CookLevin/Hardness.lean:4329:59: warning: This simp argument is unused:
  hne

Hint: Omit it from the simp argument list.
  simp [clMatchCmpSelect, clMatchCmpIndex, hne,̵ ̵h̵n̵e̵.symm,
  ̵  ̵ ̵ ̵-Fin.natAdd_eq_addNat]

Note: This linter can be disabled with `set_option linter.unusedSimpArgs false`
TCSlib/Complexity/CookLevin/Hardness.lean:4529:54: warning: This simp argument is unused:
  ↓reduceIte

Hint: Omit it from the simp argument list.
  simp only [clMatchWords,̵ ̵↓̵r̵e̵d̵u̵c̵e̵I̵t̵e̵]

Note: This linter can be disabled with `set_option linter.unusedSimpArgs false`
TCSlib/Complexity/CookLevin/Hardness.lean:4566:54: warning: This simp argument is unused:
  Nat.add_assoc

Hint: Omit it from the simp argument list.
  simp [clRows, ih, List.append_assoc,̵ ̵N̵a̵t̵.̵a̵d̵d̵_̵a̵s̵s̵o̵c̵]

Note: This linter can be disabled with `set_option linter.unusedSimpArgs false`
TCSlib/Complexity/CookLevin/Hardness.lean:4690:64: warning: This simp argument is unused:
  if_false

Hint: Omit it from the simp argument list.
  simp only [clTwo, ↓reduceIte, show (1 : Fin 2) ≠ 0 by decide, i̵f̵_̵f̵a̵l̵s̵e̵,̵ ̵clNum_bits]

Note: This linter can be disabled with `set_option linter.unusedSimpArgs false`
TCSlib/Complexity/CookLevin/Hardness.lean:4725:62: warning: Used `tac1 <;> tac2` where `(tac1; tac2)` would suffice

Note: This linter can be disabled with `set_option linter.unnecessarySeqFocus false`
TCSlib/Complexity/CookLevin/Hardness.lean:4819:90: warning: This simp argument is unused:
  funext_iff

Hint: Omit it from the simp argument list.
  simp [MultiTapeTM.step, clReplayTM, clReplayCfg, Cfg.workTapeSymbols, Action.apply,̵ ̵f̵u̵n̵e̵x̵t̵_̵i̵f̵f̵]

Note: This linter can be disabled with `set_option linter.unusedSimpArgs false`
TCSlib/Complexity/CookLevin/Hardness.lean:4850:90: warning: This simp argument is unused:
  funext_iff

Hint: Omit it from the simp argument list.
  simp [MultiTapeTM.step, clReplayTM, clReplayCfg, Cfg.workTapeSymbols, Action.apply,̵ ̵f̵u̵n̵e̵x̵t̵_̵i̵f̵f̵]

Note: This linter can be disabled with `set_option linter.unusedSimpArgs false`
TCSlib/Complexity/CookLevin/Hardness.lean:4861:44: warning: This simp argument is unused:
  funext_iff

Hint: Omit it from the simp argument list.
  simp [Action.apply,̵ ̵f̵u̵n̵e̵x̵t̵_̵i̵f̵f̵]

Note: This linter can be disabled with `set_option linter.unusedSimpArgs false`
TCSlib/Complexity/CookLevin/Hardness.lean:4874:69: warning: This simp argument is unused:
  funext_iff

Hint: Omit it from the simp argument list.
  simp [MultiTapeTM.step, clReplayTM, clReplayCfg, Action.apply, f̵u̵n̵e̵x̵t̵_̵i̵f̵f̵,̵ ̵sub_eq_add_neg]

Note: This linter can be disabled with `set_option linter.unusedSimpArgs false`
TCSlib/Complexity/CookLevin/Hardness.lean:5173:96: warning: Used `tac1 <;> tac2` where `(tac1; tac2)` would suffice

Note: This linter can be disabled with `set_option linter.unnecessarySeqFocus false`
TCSlib/Complexity/CookLevin/Hardness.lean:5371:69: warning: This simp argument is unused:
  funext_iff

Hint: Omit it from the simp argument list.
  simp [MultiTapeTM.step, clReplayTM, clReplayCfg, Action.apply, f̵u̵n̵e̵x̵t̵_̵i̵f̵f̵,̵ ̵sub_eq_add_neg]

Note: This linter can be disabled with `set_option linter.unusedSimpArgs false`
TCSlib/Complexity/CookLevin/Hardness.lean:5622:62: warning: This simp argument is unused:
  ↓reduceIte

Hint: Omit it from the simp argument list.
  simp only [target, clSearchTarget, clTwo,̵ ̵↓̵r̵e̵d̵u̵c̵e̵I̵t̵e̵]

Note: This linter can be disabled with `set_option linter.unusedSimpArgs false`
TCSlib/Complexity/CookLevin/Hardness.lean:6045:63: warning: Used `tac1 <;> tac2` where `(tac1; tac2)` would suffice

Note: This linter can be disabled with `set_option linter.unnecessarySeqFocus false`
TCSlib/Complexity/CookLevin/Hardness.lean:6101:65: warning: Used `tac1 <;> tac2` where `(tac1; tac2)` would suffice

Note: This linter can be disabled with `set_option linter.unnecessarySeqFocus false`
TCSlib/Complexity/CookLevin/Hardness.lean:6350:63: warning: This simp argument is unused:
  hi

Hint: Omit it from the simp argument list.
  simp [clA5PadCfg, Cfg.ofWords,̵ ̵h̵i̵]

Note: This linter can be disabled with `set_option linter.unusedSimpArgs false`
TCSlib/Complexity/CookLevin/Hardness.lean:6578:43: warning: This simp argument is unused:
  Nat.mul_assoc

Hint: Omit it from the simp argument list.
  simp only [Nat.add_mul, Nat.one_mul, N̵a̵t̵.̵m̵u̵l̵_̵a̵s̵s̵o̵c̵,̵ ̵two_mul]

Note: This linter can be disabled with `set_option linter.unusedSimpArgs false`
TCSlib/Complexity/CookLevin/Hardness.lean:6654:65: warning: This simp argument is unused:
  FinTM.bufferTape

Hint: Omit it from the simp argument list.
  simp [MultiTapeTM.initCfg, Cfg.init, Cfg.ofWords, stateWord,̵ ̵F̵i̵n̵T̵M̵.̵b̵u̵f̵f̵e̵r̵T̵a̵p̵e̵]

Note: This linter can be disabled with `set_option linter.unusedSimpArgs false`
TCSlib/Complexity/CookLevin/Hardness.lean:6748:65: warning: This simp argument is unused:
  FinTM.bufferTape

Hint: Omit it from the simp argument list.
  simp [MultiTapeTM.initCfg, Cfg.init, Cfg.ofWords, stateWord,̵ ̵F̵i̵n̵T̵M̵.̵b̵u̵f̵f̵e̵r̵T̵a̵p̵e̵]

Note: This linter can be disabled with `set_option linter.unusedSimpArgs false`
TCSlib/Complexity/CookLevin/Hardness.lean:6877:90: warning: 'omega' tactic does nothing

Note: This linter can be disabled with `set_option linter.unusedTactic false`
TCSlib/Complexity/CookLevin/Hardness.lean:6877:90: warning: this tactic is never executed

Note: This linter can be disabled with `set_option linter.unreachableTactic false`
TCSlib/Complexity/CookLevin/Hardness.lean:6877:39: warning: Used `tac1 <;> tac2` where `(tac1; tac2)` would suffice

Note: This linter can be disabled with `set_option linter.unnecessarySeqFocus false`
TCSlib/Complexity/CookLevin/Hardness.lean:6944:33: warning: This simp argument is unused:
  Function.comp_def

Hint: Omit it from the simp argument list.
  simp [F̵u̵n̵c̵t̵i̵o̵n̵.̵c̵o̵m̵p̵_̵d̵e̵f̵,̵ ̵h]

Note: This linter can be disabled with `set_option linter.unusedSimpArgs false`
TCSlib/Complexity/CookLevin/Hardness.lean:6967:108: warning: This simp argument is unused:
  Fin.val_mk

Hint: Omit it from the simp argument list.
  simp only [clRepeatWords,
  ̲  ̲ ̲ ̲ ̲ ̲ ̲ ̲Fin.addCases_left, stateWord, F̵i̵n̵.̵v̵a̵l̵_̵m̵k̵,̵ ̵if_pos rfl, if_pos True.intro]

Note: This linter can be disabled with `set_option linter.unusedSimpArgs false`
TCSlib/Complexity/CookLevin/Hardness.lean:6967:120: warning: This simp argument is unused:
  if_pos rfl

Hint: Omit it from the simp argument list.
  simp only [clRepeatWords,
  ̲  ̲ ̲ ̲ ̲ ̲ ̲ ̲Fin.addCases_left, stateWord, Fin.val_mk, if_pos r̵f̵l̵,̵ ̵i̵f̵_̵p̵o̵s̵ ̵True.intro]

Note: This linter can be disabled with `set_option linter.unusedSimpArgs false`
TCSlib/Complexity/CookLevin/Hardness.lean:7340:69: warning: Used `tac1 <;> tac2` where `(tac1; tac2)` would suffice

Note: This linter can be disabled with `set_option linter.unnecessarySeqFocus false`
TCSlib/Complexity/CookLevin/Hardness.lean:7611:57: warning: Used `tac1 <;> tac2` where `(tac1; tac2)` would suffice

Note: This linter can be disabled with `set_option linter.unnecessarySeqFocus false`
TCSlib/Complexity/CookLevin/Hardness.lean:7639:45: warning: This simp argument is unused:
  Nat.mul_comm

Hint: Omit it from the simp argument list.
  simp [pairEncode, List.length_flatMap,̵ ̵N̵a̵t̵.̵m̵u̵l̵_̵c̵o̵m̵m̵]

Note: This linter can be disabled with `set_option linter.unusedSimpArgs false`
TCSlib/Complexity/CookLevin/Hardness.lean:7639:59: warning: Used `tac1 <;> tac2` where `(tac1; tac2)` would suffice

Note: This linter can be disabled with `set_option linter.unnecessarySeqFocus false`
TCSlib/Complexity/CookLevin/Hardness.lean:7706:64: warning: try 'simp' instead of 'simpa'

Note: This linter can be disabled with `set_option linter.unnecessarySimpa false`
TCSlib/Complexity/CookLevin/Hardness.lean:8036:15: warning: This simp argument is unused:
  List.getElem?_range h

Hint: Omit it from the simp argument list.
  simp [h,̵ ̵L̵i̵s̵t̵.̵g̵e̵t̵E̵l̵e̵m̵?̵_̵r̵a̵n̵g̵e̵ ̵h̵]

Note: This linter can be disabled with `set_option linter.unusedSimpArgs false`
TCSlib/Complexity/CookLevin/Hardness.lean:8044:10: warning: This simp argument is unused:
  h0

Hint: Omit it from the simp argument list.
  simp [h̵0̵,̵ ̵rangeGet, h0]

Note: This linter can be disabled with `set_option linter.unusedSimpArgs false`
TCSlib/Complexity/CookLevin/Hardness.lean:8044:14: warning: This simp argument is unused:
  rangeGet

Hint: Omit it from the simp argument list.
  simp [h0, r̵a̵n̵g̵e̵G̵e̵t̵,̵ ̵h0]

Note: This linter can be disabled with `set_option linter.unusedSimpArgs false`
TCSlib/Complexity/CookLevin/Hardness.lean:8051:18: warning: This simp argument is unused:
  rangeGet

Hint: Omit it from the simp argument list.
  simp [h2,̵ ̵r̵a̵n̵g̵e̵G̵e̵t̵]

Note: This linter can be disabled with `set_option linter.unusedSimpArgs false`
TCSlib/Complexity/CookLevin/Hardness.lean:8054:20: warning: This simp argument is unused:
  rangeGet

Hint: Omit it from the simp argument list.
  simp [h3,̵ ̵r̵a̵n̵g̵e̵G̵e̵t̵]

Note: This linter can be disabled with `set_option linter.unusedSimpArgs false`
[52/65] TCSlib/Complexity/ClassNP/Tautology
[53/65] TCSlib/Complexity/TuringMachine/UnaryTape
[54/65] TCSlib/Complexity/TuringMachine/CounterProg
[55/65] TCSlib/Complexity/TuringMachine/CounterProgRun
[56/65] TCSlib/Complexity/TuringMachine
[57/65] TCSlib/Complexity/ClassP
[58/65] TCSlib/Complexity/Uncomputability
[59/65] TCSlib/Complexity/Formulas
[60/65] TCSlib/Complexity/CookLevin
[61/65] TCSlib/Complexity/ClassNP/Transducer
[62/65] TCSlib/Complexity/ClassNP/CounterProgPolyTime
[63/65] TCSlib/Complexity/ClassNP/PClosure
[64/65] TCSlib/Complexity/ClassNP/ExpPoly
[65/65] TCSlib/Complexity/ClassNP
SWEEP_OK 65/65 2026-10-06T21:59:48Z
